46.770344,-0.7529585,0
48.746727,2.7732446,0
53.574593,6.152817,0
68.18521,1.9515383,0
39.49376,-6.3452535,0
81.018555,-3.3211246,0
79.53043,-0.7304329,0
44.326828,-9.91837,0
24.7557,16.96699,0
41.445713,8.472923,0
67.32133,-6.335903,0
67.394554,-7.95665,0
82.19131,-4.077698,0
83.45132,-7.971166,0
81.5586,-7.6589875,0
78.29193,3.3413503,0
79.72452,0.4578641,0
46.88503,8.773698,0
73.563675,-11.147338,0
47.646034,4.6776443,0
65.99316,8.189706,0
74.33029,15.317048,0
73.61373,14.724653,0
67.75295,-2.3114398,0
65.30846,3.5509715,0
70.90511,5.3405433,0
70.70249,12.316952,0
45.221195,-5.1872067,0
75.87668,-9.10045,0
44.878845,10.726488,0
65.80273,-3.7416778,0
67.40193,-7.8710437,0
52.57671,0.055728458,0
45.074306,-0.038474917,0
51.080734,1.4465059,0
68.3705,3.4703953,0
63.583004,5.4509816,0
48.181656,-4.807139,0
88.51329,-8.66074,0
71.35254,-12.761876,0
80.93971,-0.69172275,0
77.39379,2.4000294,0
69.338455,2.9689825,0
68.67323,-13.910071,0
60.16541,-2.25852,0
68.939804,2.364396,0
37.310673,5.334328,0
69.927,1.4818742,0
71.85715,-8.936298,0
39.80553,4.250614,0
79.556885,-8.302277,0
79.132256,-6.7842965,0
60.392384,-9.535826,0
70.59169,12.303234,0
62.656483,-3.4228776,0
48.667084,1.5175952,0
67.189545,1.1688054,0
65.42257,-6.216503,0
88.64067,-9.287118,0
73.43472,13.461131,0
70.68462,2.2043314,0
80.40918,-10.056371,0
76.52477,-14.074113,0
64.94303,-19.332144,0
71.33408,-14.252179,0
63.846806,10.482886,0
47.668713,-9.460787,0
59.904503,7.108791,0
58.38331,6.923944,0
77.28535,-6.666443,0
50.469837,10.27391,0
64.25641,-15.10331,0
72.12079,2.554848,0
76.65524,2.2563784,0
58.40332,-11.877016,0
42.97225,11.998305,0
50.21872,8.54948,0
46.593197,10.2314205,0
62.49722,7.024301,0
62.30498,8.251583,0
12.270946,6.6514697,0
37.974056,1.9883891,0
67.775505,-11.915449,0
44.543995,0.69036925,0
69.7587,-9.351557,0
74.99615,-3.3694673,0
73.303345,1.3199441,0
73.287834,8.835322,0
68.233765,0.47099665,0
71.98583,-2.4537423,0
80.29076,-7.7110257,0
70.08031,10.006904,0
62.012695,1.1520697,0
80.43965,2.6271243,0
65.848495,12.111874,0
78.83705,5.615352,0
83.94089,-11.363514,0
80.41385,-12.199972,0
66.52284,-18.455708,0
80.68902,-3.46254,0
76.60526,-9.173205,0
74.47208,12.9690895,0
50.259903,2.8786955,0
46.699226,-11.904051,0
45.542217,-1.7457885,0
80.68698,-4.8414364,0
58.224934,-1.4731855,0
79.95673,3.9245417,0
64.184555,-12.452065,0
51.99499,7.673797,0
42.65736,-3.0695188,0
70.05869,-14.90299,0
64.97833,-19.446486,0
49.235634,-8.647592,0
40.42185,-6.707508,0
77.90571,0.16206108,0
63.034866,10.078925,0
48.15034,5.8910046,0
83.59334,-13.196339,0
77.54647,-8.932414,0
82.201965,-5.4236083,0
41.49565,-7.959697,0
79.64492,-3.0392132,0
78.83904,4.150731,0
45.35807,6.7467313,0
67.28267,12.376021,0
73.77468,-6.826972,0
57.33714,-8.5471945,0
53.110195,-6.6371536,0
74.15929,-7.941213,0
49.261974,-8.392755,0
49.31166,10.229084,0
84.17969,-5.0625215,0
64.50777,-9.467112,0
41.025986,-2.0766692,0
44.85903,-6.2939873,0
89.66269,-8.1037655,0
71.17572,-7.2758393,0
67.03603,-4.979559,0
73.145164,-14.912017,0
45.21093,-13.3005905,0
63.934998,-5.764797,0
71.44305,5.455042,0
79.38546,-1.0342382,0
55.439503,-12.003317,0
47.10589,11.726638,0
72.8852,16.199461,0
76.65193,15.798552,0
74.982414,13.039976,0
49.860893,-5.142808,0
47.092716,7.9725037,0
54.900078,-9.068704,0
62.533928,-13.00741,0
47.420906,13.8440695,0
64.240585,1.0728091,0
32.817036,7.5174665,0
50.5826,4.2522,0
73.67682,7.6266794,0
80.923195,-11.71332,0
49.80054,12.1107855,0
49.96413,-11.740076,0
75.309685,15.163671,0
72.00764,9.411462,0
77.74271,1.7285821,0
81.60235,-14.658901,0
8.872515,-48.63216,0
41.980457,-8.136213,0
50.18394,-10.291744,0
58.127346,-3.7949345,0
40.361946,-1.3320447,0
81.00587,-9.38003,0
67.80581,-11.180991,0
66.18097,8.001226,0
47.172405,-0.8589842,0
76.404976,15.622316,0
67.11507,4.6230836,0
82.55592,-3.2915745,0
50.12712,12.169371,0
48.77468,3.0968711,0
35.02951,7.839267,0
66.53079,13.656995,0
42.36091,8.763256,0
51.388737,4.7028427,0
56.869293,-1.794918,0
62.55603,-4.866424,0
43.711777,7.5691023,0
51.7516,-5.51484,0
41.317192,10.009948,0
77.027145,-10.344061,0
39.682602,6.632312,0
58.466232,-9.490107,0
74.7428,11.714454,0
81.47796,-0.14764078,0
82.536674,-9.428289,0
81.20778,-12.355832,0
66.30343,-5.536316,0
72.63401,-3.587014,0
65.1882,-6.2405224,0
75.2336,14.543035,0
75.3842,-5.357579,0
65.54657,-17.634624,0
46.73611,-2.744689,0
78.866455,1.4980671,0
45.623493,-0.7443032,0
66.96316,13.736464,0
53.111534,9.437172,0
66.92633,12.603157,0
73.395226,-14.921928,0
67.263214,2.6368883,0
46.831345,-4.7769547,0
53.952198,9.17279,0
76.43963,-8.243528,0
56.268322,-9.081101,0
62.57271,-6.1122556,0
49.26344,1.24901,0
68.53837,-2.2474813,0
71.5117,-9.946806,0
74.571724,-6.5648713,0
59.7182,-3.3899646,0
48.980324,5.2410803,0
40.169624,6.539269,0
53.290375,-2.2069952,0
68.49963,4.4007416,0
55.755207,-7.633095,0
12.923106,25.86482,0
70.430534,-1.0675739,0
63.054676,-9.957859,0
52.38201,5.5951843,0
73.49626,4.0661335,0
3.6150372,-19.74743,0
82.714096,2.601865,0
65.35997,0.6747214,0
89.30567,-6.797246,0
79.33164,-13.763553,0
76.07543,-9.191574,0
49.47163,3.9252143,0
69.76107,-9.899108,0
73.85521,-4.7305484,0
52.58154,10.137937,0
72.354324,8.258656,0
52.99793,-9.287223,0
40.802326,-8.220631,0
48.439743,11.612184,0
43.87239,-1.4400871,0
53.887745,3.1368666,0
73.00509,-4.0885825,0
80.25778,-10.580115,0
63.417454,-2.6982965,0
63.18176,-11.897777,0
71.92422,-9.175039,0
70.5747,1.1030699,0
54.979065,7.123346,0
67.82516,-11.970241,0
82.8208,-10.403967,0
75.26819,-6.3110576,0
43.4219,-8.720982,0
70.2944,-3.889926,0
59.35457,-1.7528982,0
65.094025,-4.5335703,0
55.639065,-1.306064,0
77.322655,4.8402467,0
64.31527,-14.989449,0
74.06849,17.653383,0
63.938705,-3.9962444,0
39.81647,-7.640579,0
42.11072,-10.233851,0
74.98877,-5.044315,0
75.201836,11.45739,0
77.53904,0.9184312,0
70.55713,-6.6872253,0
75.34109,-4.1949353,0
38.67419,7.099129,0
64.32829,3.6400344,0
35.773407,0.92916214,0
38.063904,-5.1677976,0
74.1131,17.609606,0
62.84986,-2.4888234,0
37.1084,-4.9339414,0
80.02786,-3.6869483,0
36.118343,-4.3379364,0
47.144424,-3.4297004,0
81.49827,4.637849,0
34.127274,6.7954583,0
50.479206,-4.959082,0
54.30483,-2.5774693,0
71.65394,-6.452476,0
39.727264,-9.0089445,0
37.930294,5.2325835,0
68.175,-1.2855467,0
-1.0811685,-62.898567,0
81.3222,-5.112968,0
68.63794,-5.717832,0
66.29834,-18.35199,0
54.282497,-6.7871165,0
59.071556,-9.701992,0
65.530754,11.898344,0
75.10056,-7.4454865,0
64.85706,5.7898064,0
70.41686,-10.830268,0
58.762672,-3.1165156,0
69.20389,6.419372,0
64.05998,-0.25866666,0
59.2283,-10.450674,0
48.40402,4.939937,0
56.850952,2.3854752,0
54.271515,-10.764452,0
61.878036,6.381379,0
79.226715,-4.4641037,0
39.9769,12.317984,0
76.59825,1.3094757,0
50.36413,10.147597,0
61.43733,0.17254107,0
64.98506,6.0417404,0
88.70729,-8.809035,0
66.61274,-18.61759,0
50.942802,-11.663512,0
52.390156,12.064965,0
48.49294,-6.768521,0
74.631454,16.509262,0
44.363197,7.201886,0
64.35944,4.176768,0
45.736378,14.478443,0
69.40369,6.2851048,0
82.59998,3.2507129,0
78.111694,-4.2422643,0
73.99173,-8.657969,0
59.265873,2.6490595,0
82.373474,5.4962244,0
68.53997,-4.152259,0
46.676914,-9.956077,0
54.077408,-8.991338,0
51.061134,-6.839482,0
81.27171,-14.886857,0
73.807846,-5.0389733,0
53.942307,-7.9731913,0
81.07193,-9.778258,0
52.141685,-4.5507216,0
72.722496,6.081156,0
63.76393,8.192353,0
64.75625,6.7758574,0
72.83447,-14.737678,0
81.625565,-4.6596737,0
66.57625,-6.2671103,0
80.875336,-7.6344514,0
82.274826,-6.764943,0
73.14492,2.8310587,0
82.255455,3.8527877,0
73.42151,12.76239,0
43.47374,-9.598271,0
80.09054,0.99151224,0
62.066727,3.0334806,0
82.26973,-11.961342,0
56.956055,-7.0115924,0
82.90548,-6.375193,0
76.06622,11.396743,0
37.83994,-6.0846505,0
64.54635,0.84632546,0
74.913734,6.9847145,0
61.802727,-15.208894,0
63.649742,-15.799458,0
48.79677,12.521107,0
45.540375,-13.083994,0
63.84514,-7.344935,0
45.287506,5.995005,0
42.32053,-5.0663595,0
79.800705,3.240627,0
70.51334,-6.175218,0
42.13614,12.687582,0
47.037567,-7.319659,0
61.32569,5.483262,0
57.695297,2.1933084,0
41.485806,-0.37436095,0
70.20883,-4.486007,0
36.60098,-4.6686935,0
65.79751,-8.625549,0
35.005222,7.6004195,0
73.86343,11.345635,0
67.52528,-12.866804,0
52.56871,-5.3901405,0
74.24787,5.676662,0
72.54735,13.3397455,0
75.92289,-10.080597,0
60.14692,-1.0573931,0
88.60646,-7.8379903,0
43.539055,12.191684,0
47.9225,-5.845194,0
62.171043,-1.1939021,0
49.73259,-0.630364,0
81.27837,1.2938476,0
52.980503,2.796176,0
71.66643,13.892024,0
75.543686,11.13101,0
43.9652,10.378449,0
75.64859,6.3296857,0
41.367256,-4.605418,0
78.76047,-12.69814,0
79.27277,2.731492,0
46.65499,-5.7820096,0
52.843662,-3.0240579,0
50.10884,-12.025681,0
9.07824,-55.873722,0
40.11792,-8.403165,0
46.019596,-0.0786547,0
47.36514,5.7445164,0
88.49657,-6.75748,0
63.75889,-5.2999935,0
56.076973,-9.51882,0
81.699814,-5.8175783,0
54.201675,-11.0457735,0
72.230965,-4.944309,0
59.48371,2.8043332,0
67.63354,8.721422,0
82.72362,-5.115314,0
42.246143,-5.8801103,0
63.87997,4.6223555,0
8.593247,-53.31451,0
52.064087,-3.709434,0
78.21316,-9.003025,0
3.2823803,2.081885,0
65.79799,-8.7434435,0
79.9119,-7.0503435,0
74.98965,10.830286,0
89.10136,-5.7268214,0
70.50745,2.972848,0
62.72695,-11.640002,0
54.910534,3.166054,0
35.854225,8.247381,0
67.0497,-18.24394,0
48.33376,9.514463,0
88.61999,-7.6605353,0
28.891111,14.750868,0
71.29774,9.614969,0
69.441696,0.030478576,0
46.37614,-12.203877,0
54.83099,1.3053892,0
76.7053,9.214447,0
66.32464,6.3321,0
81.9532,4.6294217,0
66.28938,2.9278786,0
82.85737,-11.473168,0
58.083313,-10.482215,0
43.96486,8.345166,0
54.773224,-5.362803,0
80.17781,1.649601,0
72.7354,-3.2224023,0
67.20831,12.2961235,0
51.42962,10.48922,0
75.46245,-4.5813403,0
46.945686,-9.16767,0
81.02959,-6.4495053,0
80.31212,-1.727751,0
40.511917,-0.83810925,0
56.76723,-1.9269502,0
83.45595,-11.0825,0
53.760513,-5.64122,0
78.83563,-14.677874,0
43.51782,7.629709,0
76.9092,10.794231,0
76.52001,3.6951687,0
54.73305,2.795053,0
-1.8753865,11.925866,1
22.478159,63.430058,1
-4.9988327,14.679714,1
-14.433899,11.447006,1
0.014627833,63.760212,1
23.488735,38.791927,1
-15.471138,27.585901,1
-3.7243528,14.000575,1
16.168581,63.40271,1
-21.660915,31.556257,1
-23.12025,22.32294,1
23.190023,35.752743,1
11.338543,67.08845,1
-2.022798,57.10164,1
5.174582,11.542991,1
11.827406,68.050835,1
33.033512,10.421169,1
-31.838743,0.34094134,1
9.8252125,14.022087,1
2.7201867,42.464577,1
5.9844017,10.08076,1
38.575794,18.648626,1
9.731734,10.294611,1
12.675288,50.763653,1
12.389654,13.031377,1
-45.412064,-4.168821,1
-0.33603978,29.589186,1
0.030814597,-32.289253,1
40.066143,-3.0873733,1
9.0116415,46.79882,1
-36.66726,6.7864656,1
-3.3092723,23.58228,1
-8.761914,26.400236,1
-8.920297,54.363743,1
2.9255102,50.187004,1
-4.124596,64.38231,1
0.2429154,11.335322,1
30.347342,8.936868,1
-11.367396,-1.7720386,1
20.312525,31.372086,1
2.4797413,64.086716,1
8.17099,33.455265,1
40.772034,14.848285,1
1.7205724,69.6788,1
4.332236,21.440039,1
-37.27428,-7.137297,1
-12.0457735,52.05206,1
-19.218302,37.682625,1
5.5872455,45.354404,1
-9.785968,43.038826,1
20.447313,27.56696,1
-56.179577,-14.638175,1
27.30463,33.085735,1
7.458094,54.72902,1
-0.84717506,67.76963,1
4.9779067,23.362915,1
7.736138,12.412829,1
14.626967,24.350517,1
-10.720541,3.5775604,1
24.074072,16.025785,1
43.545937,5.4259963,1
11.515533,46.54194,1
3.8592932,14.555035,1
-13.183925,52.383873,1
5.931219,24.20467,1
21.444885,37.72168,1
-11.532503,28.592663,1
12.901234,61.52124,1
38.48223,19.329475,1
7.158268,30.584585,1
37.22541,7.7219195,1
20.884552,37.477913,1
42.831646,15.141305,1
39.554394,16.218193,1
13.180054,61.8538,1
3.2615104,63.750507,1
-0.649686,42.490036,1
11.160493,59.595673,1
39.94632,9.70797,1
-20.01974,50.917168,1
4.905948,14.387098,1
31.12377,8.826403,1
43.02617,17.691946,1
-0.48859665,62.79347,1
-28.9766,29.110962,1
-5.1984878,41.500366,1
24.295322,27.945333,1
20.14284,26.547413,1
2.5188892,0.94700366,1
-25.06691,2.7616608,1
13.93649,60.063984,1
33.898464,10.681816,1
-33.565155,21.129105,1
0.6735065,59.913216,1
-20.44707,40.96064,1
0.7302056,4.6945767,1
2.4727046,66.504456,1
-13.766975,46.446133,1
4.950882,15.051823,1
-8.177593,30.684052,1
41.98287,14.303386,1
9.560736,13.0153055,1
-2.3021257,45.58419,1
-5.8561563,6.3499737,1
-1.3082206,-18.674665,1
-24.328623,20.141035,1
-17.482506,11.148474,1
24.085897,38.1587,1
10.288703,39.697098,1
10.069737,16.295486,1
-10.171738,66.52842,1
-3.431553,-23.123953,1
-12.49082,-16.293032,1
2.754381,51.362576,1
18.440163,37.27072,1
-8.246009,28.210012,1
5.3403406,9.973739,1
15.619948,15.403083,1
41.72336,9.796372,1
2.7234757,52.202747,1
4.52425,20.855408,1
-2.424723,10.282658,1
37.41262,18.092585,1
-6.6456275,34.283367,1
41.48597,17.682745,1
39.435482,12.203378,1
12.056513,10.253228,1
-4.3454947,28.050882,1
-11.751917,22.994547,1
27.952602,11.2316,1
-2.2040596,56.09699,1
-21.292917,27.128296,1
8.33978,59.488827,1
-13.049422,49.49402,1
17.785149,41.68824,1
-21.848335,26.676039,1
12.55694,56.955666,1
-2.5079048,-32.72179,1
-27.007694,19.396982,1
19.087605,41.169067,1
10.945165,48.57938,1
11.758997,64.78676,1
-27.821405,16.509138,1
39.559326,9.159744,1
-6.8059006,20.329582,1
20.274824,33.21678,1
-2.130388,38.47106,1
11.000034,11.823448,1
-1.2769127,50.453438,1
3.3091369,61.761265,1
-0.36285096,13.179509,1
4.2502446,61.415184,1
5.7690444,18.279339,1
19.31403,35.08704,1
-2.6759298,27.34151,1
3.4802203,12.566152,1
31.59887,9.185244,1
41.054867,15.602676,1
5.7808695,30.829742,1
-26.374495,24.025341,1
40.505573,17.795418,1
7.16921,56.25491,1
-10.619318,2.4003103,1
27.496992,32.03872,1
6.009089,-47.048412,1
23.631542,38.2451,1
13.19411,27.669428,1
10.603469,35.961887,1
15.730028,43.462975,1
-22.071026,30.586264,1
3.5012202,19.79257,1
-9.721938,1.0696832,1
-28.344437,28.520351,1
8.253781,41.85837,1
-7.2621145,25.857786,1
14.82595,14.759953,1
-11.184731,63.700184,1
10.793056,14.230293,1
6.235743,34.67885,1
-3.9013944,39.91169,1
-7.1606755,60.180054,1
13.5949745,13.249038,1
-33.096985,23.248026,1
9.7712965,62.433285,1
8.216044,16.038372,1
-22.468014,4.328762,1
13.602557,38.01368,1
10.654592,64.17637,1
9.660033,43.577267,1
-3.7287455,6.248161,1
10.33909,26.72694,1
9.550533,56.723454,1
-0.14112769,36.595345,1
16.026457,62.996593,1
-4.333606,62.77549,1
34.10122,13.135127,1
6.646012,58.452576,1
4.4122972,64.31714,1
-0.53463477,68.57127,1
23.418139,29.952496,1
0.81533194,34.574947,1
-13.270823,24.976084,1
13.617222,7.711969,1
-50.76233,-0.47302866,1
-17.91321,41.972466,1
-2.9042454,-15.350056,1
17.471884,36.483864,1
7.058175,43.872765,1
-9.646929,2.6426246,1
2.3538473,24.789915,1
45.28882,14.954042,1
6.079583,12.557499,1
0.9590549,4.534967,1
-1.9349003,25.858484,1
-2.0608544,66.38967,1
-8.897963,36.75066,1
-19.083055,4.088777,1
10.555717,32.413418,1
37.455204,19.710646,1
12.979965,18.84394,1
12.235171,49.42998,1
4.7526073,60.835888,1
41.562767,10.688586,1
-1.926357,62.94687,1
21.8331,34.676704,1
8.1058035,14.293159,1
21.263449,24.907093,1
22.210825,26.548548,1
8.744465,62.244907,1
-22.770037,31.755661,1
-6.4712143,15.815068,1
18.95589,35.73544,1
-16.038433,27.875772,1
-9.965257,14.303575,1
-2.2189143,5.1390753,1
-15.655198,56.89328,1
4.296055,65.500725,1
2.951134,32.134274,1
-0.07560807,66.848495,1
32.94322,9.363101,1
-9.40189,61.96026,1
-7.814834,14.063274,1
-4.4644785,29.934057,1
21.017033,33.422813,1
3.4147983,1.7338556,1
18.85557,47.506443,1
-49.701546,-2.5494893,1
15.614258,11.462261,1
6.4543347,60.974533,1
-25.043667,20.7128,1
31.292358,11.489291,1
-32.661842,23.625973,1
-15.556924,46.53114,1
-18.436152,30.817566,1
6.1503797,47.026978,1
38.039185,19.967813,1
7.851337,57.347935,1
4.954755,11.963467,1
11.712467,11.336416,1
-10.471429,3.0297756,1
-2.3561015,-16.31448,1
10.749343,41.44449,1
27.397812,32.645832,1
21.01182,25.403767,1
-21.661936,17.602074,1
4.2701006,12.735941,1
12.152235,49.971085,1
61.077335,-14.953863,1
-5.456851,65.239235,1
-1.5202887,15.696034,1
-2.3702688,65.11992,1
-4.4568577,63.064537,1
19.992157,28.68861,1
25.26413,16.998081,1
4.0301876,69.8166,1
0.3610258,70.282776,1
-46.194656,-1.7389531,1
-4.0596166,60.321205,1
7.176037,39.436882,1
-37.585815,0.21716009,1
37.413624,19.066677,1
10.105522,41.566742,1
-15.104788,12.987262,1
9.513948,56.44129,1
-26.661161,21.165533,1
4.6776385,58.814472,1
0.5969214,43.611206,1
-7.401554,17.15046,1
23.592867,25.648863,1
-7.698207,65.52098,1
9.625247,30.281528,1
-3.7730374,26.841328,1
6.5872936,58.094776,1
-11.926742,55.96011,1
4.8610163,21.916555,1
-20.735792,26.048002,1
-25.858334,25.378128,1
-8.558316,29.876472,1
-8.695959,61.789715,1
-5.753584,65.899185,1
16.90311,38.97895,1
36.114044,5.5304418,1
3.7345383,52.056507,1
-12.038835,45.80133,1
-2.2246058,15.145188,1
-3.9352005,60.0449,1
16.47754,15.597395,1
-11.278431,53.80735,1
-42.073086,7.56929,1
36.540817,19.771145,1
-22.583324,30.138403,1
-4.1151695,34.900787,1
-2.4781094,9.208586,1
-8.96391,65.52863,1
14.028233,62.39318,1
-22.650509,4.7306213,1
-6.551153,47.80239,1
-0.72669,8.973217,1
-6.4796515,69.03977,1
2.7843826,54.638187,1
-24.084227,23.18367,1
-25.816645,19.61841,1
11.859081,26.850243,1
-7.693821,37.34346,1
-34.28101,5.337119,1
39.114426,16.73409,1
1.3014708,39.0692,1
-46.0918,-3.486841,1
2.7669904,67.134995,1
3.1201148,67.56197,1
-12.515638,61.738472,1
5.2580967,12.802137,1
-15.522012,4.9645886,1
9.612972,15.189056,1
-12.424239,50.79122,1
19.368937,66.18011,1
7.082017,21.689157,1
-7.582145,11.528676,1
-29.939283,-1.36565,1
-46.616364,1.933557,1
-5.3975463,46.22531,1
-5.1034493,-18.62219,1
18.595915,66.74042,1
-7.08956,64.79161,1
-28.868528,-0.8050037,1
7.325716,60.75829,1
9.427443,54.90306,1
38.315033,-9.85714,1
9.2502775,41.818283,1
15.126429,62.771317,1
7.9788184,36.78847,1
5.374307,72.59955,1
8.958652,61.472866,1
0.101572335,47.976223,1
-24.614365,23.458122,1
-28.915915,14.691727,1
7.5839334,37.50805,1
-13.599501,46.101852,1
-6.29778,61.146645,1
-11.275206,37.04918,1
-10.429587,57.666084,1
22.9811,28.974474,1
-2.1853063,42.575733,1
28.550798,29.129816,1
10.011528,59.876976,1
-9.3652315,43.842915,1
-17.521492,35.286037,1
-0.43122882,49.33804,1
3.1140702,53.115765,1
-41.456516,11.122549,1
-34.029972,4.8268657,1
-11.177614,24.776142,1
4.9438086,64.83539,1
14.101545,27.357735,1
5.5714235,40.556248,1
5.4380546,46.938217,1
37.7876,18.617846,1
15.296565,40.524532,1
41.444004,18.448763,1
3.07867,60.140224,1
-6.8169274,65.88817,1
7.606673,21.722832,1
-15.935516,23.600266,1
-10.363849,-43.33224,1
-3.3332813,44.60536,1
4.718048,15.062573,1
-13.773447,56.38252,1
3.119068,56.334213,1
-12.697276,61.673912,1
20.638355,33.020527,1
-5.9854894,48.919167,1
28.815397,28.186628,1
9.588395,37.783184,1
6.944182,70.190834,1
11.222815,14.858458,1
26.144093,42.753483,1
-25.591417,17.632896,1
41.075924,14.158837,1
-1.946456,12.679447,1
19.162207,37.323483,1
15.551432,11.35017,1
13.21177,24.959515,1
8.038708,43.941208,1
4.0946774,-19.747618,1
-13.684492,60.95202,1
17.945187,55.513794,1
-18.64393,2.4099422,1
-18.643343,51.494953,1
10.261782,13.587226,1
14.284494,45.23433,1
-27.685898,0.909633,1
-6.3367243,47.0663,1
9.432707,11.934216,1
-3.19805,56.30173,1
3.2985213,41.525078,1
-1.3604141,11.686497,1
-3.3304155,64.25773,1
9.24217,55.28289,1
-1.7446252,54.91715,1
-0.9683137,22.070297,1
-21.763601,42.498806,1
27.303158,15.437576,1
-3.425053,15.096395,1
6.2424917,67.289734,1
-20.157814,30.154074,1
6.042329,33.980747,1
50.04129,13.183306,1
-18.70506,53.094437,1
35.66674,20.262953,1
4.3025355,72.23554,1
-15.344437,28.211523,1
-8.483075,12.131068,1
-16.683916,1.1263266,1
7.420251,63.56627,1
-0.76735544,5.0844507,1
-17.215746,-11.8241415,1
4.7410765,68.46872,1
-36.43517,11.772288,1
-0.08360226,34.172684,1
14.090176,15.90534,1
-36.1097,7.1711,1
28.991762,30.258549,1
-10.721522,60.470776,1
-2.6622918,65.72435,1
3.006343,19.188805,1
-9.049848,34.69347,1
-32.13671,-6.1159086,1
-23.657774,1.2565843,1
0.12951213,68.48779,1
0.26356906,66.14924,1
-32.3004,4.3643045,1
-8.55596,14.263488,1
-3.746606,32.247803,1
-7.6328006,13.881623,1
8.798475,35.322342,1
-4.1777215,7.0020638,1
-7.7168155,35.000652,1
-5.212943,66.01463,1
18.894796,43.23446,1
-28.242977,25.960194,1
9.544426,66.238304,2
-13.997702,57.532467,2
2.3423188,21.499796,2
-33.31278,-28.749062,2
-9.110459,61.89385,2
5.0288925,39.586494,2
-19.815033,31.808935,2
-8.2504225,69.04234,2
4.36521,58.064526,2
6.4262567,23.866655,2
-16.294825,38.443935,2
6.5828533,68.94716,2
5.7152996,42.786648,2
2.103312,33.546806,2
-15.398995,53.691086,2
21.84955,36.011955,2
-14.729971,55.331287,2
-38.948402,7.875411,2
15.862344,43.42538,2
-1.1458075,44.11526,2
5.5336995,21.66885,2
34.289055,10.974688,2
8.625895,38.701973,2
8.914768,66.89484,2
-10.052977,19.243046,2
-29.365973,21.106493,2
-2.752023,6.3456435,2
-0.45965117,45.055508,2
-20.300076,33.268936,2
-20.143486,-2.0401123,2
-42.906994,-1.735913,2
18.341413,46.478645,2
-18.86733,29.244066,2
3.7188337,48.150043,2
-1.0171564,31.939262,2
1.1333358,52.6447,2
17.90486,55.55925,2
14.130044,30.022354,2
-34.0888,3.4817934,2
6.0670114,43.218506,2
-11.951283,39.501343,2
7.3696833,35.67773,2
9.175555,31.543488,2
-12.451357,39.48846,2
-5.4679365,18.552832,2
-19.568727,10.727001,2
5.9190245,63.574986,2
-33.90258,23.929043,2
-0.011864046,36.02553,2
6.112309,17.559896,2
18.075695,42.54426,2
12.622101,7.8450384,2
8.834422,39.854286,2
-13.730143,10.36,2
10.567394,30.66122,2
-28.669804,24.911827,2
7.8634787,7.4268446,2
-0.6832883,64.40557,2
-1.9753317,44.678116,2
-29.104065,22.532389,2
-50.1003,4.2946453,2
-8.153215,61.93924,2
18.399204,42.838707,2
-10.378968,36.60025,2
-17.427313,31.696127,2
0.87272954,40.84688,2
-11.6970415,62.961327,2
-2.6625893,38.138245,2
-5.849109,44.15721,2
-9.185716,47.999763,2
6.2574234,68.015015,2
-16.872358,48.347157,2
-29.391136,27.87311,2
-14.777959,32.244167,2
-11.422262,40.550045,2
-26.418179,18.246496,2
-0.46665192,46.02195,2
-2.3543606,-17.337881,2
-8.581602,42.260174,2
-20.193752,39.844242,2
-24.455467,22.290636,2
22.636465,66.34955,2
6.6064916,14.932849,2
-12.625242,28.344433,2
14.56168,37.392464,2
-32.233707,-27.384718,2
2.243804,21.056295,2
-27.501484,27.746447,2
10.21202,65.19356,2
-1.7279125,25.948914,2
-14.602643,52.03257,2
2.177711,70.9449,2
-17.516615,34.227177,2
13.320988,46.93179,2
5.5563474,57.73621,2
11.0443125,66.6642,2
-20.42977,38.903053,2
15.874198,41.556145,2
-14.673262,44.625412,2
-36.539288,-5.136803,2
-12.609484,-19.128403,2
5.9697957,44.542038,2
8.897836,36.87641,2
9.360503,30.780493,2
0.5453711,58.354183,2
6.4508204,31.090195,2
-1.7976068,50.32421,2
7.8589296,62.437332,2
28.64295,13.898826,2
-12.078958,43.348927,2
-0.83920944,37.26215,2
-28.287165,18.788605,2
4.319289,35.639072,2
-16.997969,51.917282,2
-3.1162276,27.440496,2
-9.756651,35.336067,2
-3.3156579,66.59639,2
12.239579,19.894945,2
4.484266,59.927597,2
-23.310251,43.462505,2
20.47383,43.283836,2
-24.867357,15.846586,2
-7.0032735,51.246754,2
6.2201104,31.26788,2
-21.92426,38.7759,2
-8.07171,56.87361,2
-4.004248,43.71804,2
-15.042622,23.330383,2
-22.952822,7.491023,2
-26.122591,-1.0505517,2
22.296515,64.798546,2
18.488726,46.43916,2
-13.724099,51.50595,2
9.105333,45.826878,2
-31.894688,19.850645,2
2.2480178,70.80215,2
18.952528,54.71978,2
-8.736912,43.184086,2
-10.011867,-16.734268,2
-17.764174,28.05386,2
7.9168196,39.04523,2
4.4097104,67.28559,2
10.93706,65.72626,2
18.722153,64.820404,2
5.454104,70.52022,2
1.198353,35.12625,2
-11.740909,-10.013029,2
8.789021,36.117054,2
-4.578971,43.718925,2
21.697418,67.25657,2
-5.406569,68.19517,2
-20.714268,46.611004,2
-14.190368,-8.537855,2
-14.034411,12.695521,2
-6.061763,19.25736,2
-7.8242464,29.12157,2
-18.208265,51.988518,2
17.690985,46.65617,2
-11.893683,24.867758,2
21.29037,64.16972,2
4.3926263,36.546158,2
-40.54661,7.2974224,2
-25.188593,23.10684,2
25.630907,43.403595,2
-30.795519,23.662773,2
-0.6434127,28.380121,2
-23.812742,30.145304,2
0.28206104,44.819443,2
-15.012021,47.732197,2
-23.960262,21.12417,2
-31.816658,21.337717,2
20.671558,27.686876,2
-33.79621,14.656238,2
10.418466,46.60435,2
8.800665,31.578436,2
-12.754737,51.53466,2
-3.9942937,19.950521,2
-10.446351,18.168558,2
-32.264065,-38.96334,2
-19.321527,27.754883,2
13.952382,45.233578,2
-9.684845,43.02096,2
-11.977621,47.929256,2
-30.217737,27.14801,2
-30.226377,25.751272,2
15.719128,37.360035,2
-2.4620645,47.15032,2
-9.440601,41.381233,2
-12.020958,60.493244,2
4.863626,73.37425,2
-11.259778,51.68118,2
-5.573807,15.825154,2
23.657618,28.628988,2
-3.2429903,32.309086,2
-42.76314,-15.728238,2
-15.476564,44.475433,2
-11.631613,25.911259,2
20.73646,65.776505,2
15.3936405,46.011703,2
-5.972759,34.940414,2
-4.2927623,39.661995,2
-15.357289,-14.138055,2
-9.869244,36.70975,2
-22.708712,6.546942,2
0.7103131,39.064774,2
13.515789,15.759464,2
-7.1727614,36.93412,2
7.469229,50.88748,2
-7.297499,40.453255,2
-2.7610526,57.851288,2
-10.844884,48.64681,2
21.409218,44.07388,2
-34.89279,6.0050535,2
2.01818,53.72801,2
-15.042897,39.42504,2
-18.893606,33.997147,2
-6.9222875,42.265766,2
-4.034764,22.80533,2
6.627826,70.15276,2
6.688883,13.198073,2
22.041647,36.877747,2
-17.721565,22.414927,2
-19.769218,47.450962,2
-9.949501,10.427502,2
-16.521584,-14.019253,2
22.490429,43.04017,2
-16.13895,31.576824,2
-8.451394,56.904396,2
-7.6095567,45.569412,2
-17.111187,45.17095,2
-29.575161,21.97765,2
-18.914238,33.165455,2
-7.8949943,51.59202,2
-13.706783,23.28383,2
5.65407,69.6069,2
10.429526,28.94151,2
-2.5336246,27.755716,2
3.7330635,66.34871,2
-17.586128,-9.600644,2
8.645904,44.532093,2
-27.127525,26.917936,2
17.412714,45.390278,2
4.150488,45.73938,2
-8.685101,13.286642,2
1.4189168,46.081413,2
22.334795,67.221,2
1.3375281,32.92488,2
-17.07956,45.82998,2
17.017443,38.277485,2
-1.9042016,20.549343,2
11.832939,47.384388,2
-15.225902,37.339745,2
-6.6480913,16.763348,2
18.335138,66.07247,2
-12.802964,3.7767167,2
-12.818824,30.278725,2
8.9657545,67.06552,2
-17.503647,28.820782,2
27.896011,14.893521,2
-8.671073,20.552088,2
-19.552382,18.489155,2
-13.692616,29.983648,2
-2.79597,50.720814,2
5.247028,40.15938,2
-16.079185,39.453594,2
20.118656,66.208786,2
4.403285,74.15836,2
-20.472029,18.49495,2
-16.231499,47.116676,2
-2.535668,44.360703,2
12.074339,43.183548,2
-0.06848364,63.003983,2
-2.9323537,65.85974,2
-27.241095,14.473611,2
-31.939651,25.914404,2
-7.209278,36.159203,2
22.033794,41.95152,2
-25.047064,32.305054,2
-11.825422,41.82921,2
-8.637781,53.468475,2
17.466623,43.82845,2
0.5777546,17.71074,2
19.611712,25.740173,2
-13.812951,22.662872,2
20.477041,44.678886,2
10.988108,48.428715,2
6.856289,37.57375,2
-18.471947,53.274635,2
-21.051903,27.585913,2
13.873948,29.040184,2
-3.48138,16.521856,2
10.2773075,67.29901,2
6.8359294,54.17884,2
-22.445345,40.19507,2
6.2523856,73.92,2
-36.999397,-5.5601716,2
1.2698942,13.402108,2
-5.738434,29.96465,2
-10.999573,31.175663,2
-14.419843,25.849823,2
-5.3008575,16.593615,2
8.089707,29.640034,2
-7.8393035,-10.627912,2
-8.725814,47.34458,2
-8.385217,55.459183,2
-1.8103307,-30.616085,2
-24.74561,29.606565,2
21.707956,29.022621,2
9.561002,44.67985,2
-21.632093,30.234865,2
-3.0779417,39.923874,2
13.653542,39.89614,2
22.36256,44.460087,2
9.092274,64.63222,2
21.447264,65.71635,2
14.281846,31.376205,2
9.730565,65.32361,2
-35.07296,9.713726,2
-30.120457,21.552729,2
8.0135145,66.91814,2
-23.0141,38.59473,2
-8.406613,10.950346,2
-23.083973,32.452984,2
-24.246061,34.308548,2
-9.895124,40.529995,2
-25.22916,21.89949,2
-42.49873,0.4621448,2
-11.365474,56.58604,2
-17.530964,23.239922,2
9.892203,41.27791,2
-10.524162,47.802002,2
3.9859557,43.202755,2
1.056213,23.968782,2
3.642276,49.62943,2
-16.438063,32.68674,2
-15.421156,53.15745,2
-6.1387053,10.3014,2
-0.7107893,46.628677,2
-18.794731,45.203514,2
2.9599957,16.262495,2
1.5779161,25.85607,2
-9.53318,54.932144,2
-17.651588,52.350834,2
22.399437,65.70699,2
-40.313057,6.5888715,2
-32.858383,19.296934,2
-6.756847,68.7115,2
-13.153234,52.80835,2
0.6426107,18.403944,2
2.6096761,24.252333,2
-3.4692602,18.965578,2
-2.3215551,46.335526,2
6.773777,42.58848,2
-12.492444,-9.5650015,2
-15.5619335,-59.76881,2
-16.078707,55.713867,2
-1.1777173,31.383469,2
0.76684546,33.643135,2
6.1360183,74.22102,2
-4.924366,36.384502,2
-9.36327,48.886326,2
-11.95234,27.037956,2
-5.693383,37.21507,2
20.647999,63.843945,2
-36.247242,3.6715155,2
3.1685107,36.932636,2
-4.0309844,45.93579,2
-31.679699,27.126942,2
-15.611653,29.546858,2
-10.553379,10.48541,2
-19.060057,27.036348,2
12.143617,34.445446,2
-32.395805,19.949501,2
-1.6015631,43.875126,2
-35.175034,4.3082747,2
17.785477,37.67095,2
-31.406233,1.6700897,2
-31.802824,19.10146,2
25.966507,43.090294,2
21.492926,43.27798,2
-14.115838,47.905773,2
-30.28596,28.530762,2
12.550467,7.4030113,2
6.3006186,36.326534,2
4.8272624,24.124866,2
1.3961686,67.80943,2
-17.714714,42.059666,2
-8.732494,23.949825,2
-10.60535,26.94118,2
-32.175373,25.605604,2
-14.613612,-60.18083,2
-4.00776,19.514336,2
-0.6354622,19.905575,2
-10.141546,66.5353,2
21.419315,66.2705,2
-40.815235,3.3769486,2
4.8539295,44.14209,2
-13.988866,10.573147,2
4.7308836,71.52226,2
11.916096,63.800114,2
-30.817785,21.913307,2
-10.207583,26.523432,2
-13.784084,48.917725,2
5.4004474,65.59866,2
-15.686484,31.75987,2
-17.130438,-0.7762454,2
-24.379683,39.21064,2
-2.062375,41.374477,2
-2.918887,14.745735,2
-6.1514063,51.57085,2
6.1952815,16.446596,2
-10.966264,18.25545,2
-0.72216135,41.26727,2
-28.794455,23.68828,2
-13.648534,54.65698,2
-8.527148,52.385582,2
-14.773786,51.528873,2
-7.9508457,-11.392668,2
7.9544754,46.13578,2
6.1410136,71.59268,2
-10.920853,35.356247,2
-25.565065,25.309683,2
-3.4854972,-17.803284,2
-16.38846,33.875988,2
1.5808811,22.7938,2
-9.636562,40.396217,2
15.730526,36.521927,2
-2.9726672,43.324383,2
-9.245045,68.80925,2
21.722942,27.423052,2
5.6399937,36.897793,2
-6.8634233,51.21207,2
6.2696123,66.06177,2
-28.53311,20.875956,2
13.837779,42.65167,2
-4.180627,34.607708,2
11.480576,35.518295,2
-8.816717,33.927364,2
-0.83217424,11.030019,2
22.061413,66.67671,2
-5.3221884,41.356636,2
-7.754271,-43.73683,2
-11.856762,18.172075,2
12.400695,19.024143,2
20.900312,64.51643,2
-16.36438,47.364105,2
19.73284,38.140556,2
-23.350145,43.476673,2
12.686667,68.40242,2
21.072891,66.92855,2
-35.93585,11.422361,2
-27.800814,28.966446,2
-8.423687,-6.991096,2
3.9266853,16.769737,2
14.946898,19.845015,2
9.042556,11.307832,2
-32.8249,20.942266,2
-19.886843,-6.797174,2
-14.571293,26.542332,2
-21.074657,31.507656,2
-4.725041,-71.41678,3
4.11037,-46.389637,3
-13.349072,-69.58963,3
-8.239107,-78.75208,3
-11.876335,-60.399166,3
0.86795115,-41.740307,3
-12.0671015,-35.134983,3
5.093994,-57.86744,3
-1.6549909,-48.616783,3
-8.99201,-43.655174,3
2.7562099,-46.082687,3
4.8169255,-51.856403,3
-1.7359617,-51.69045,3
-14.989208,-66.23849,3
-29.835533,-32.81364,3
-22.851461,-46.991375,3
-8.206483,-70.98077,3
-9.741966,-62.75623,3
-12.072343,-47.466763,3
-10.8931265,-47.842598,3
-2.8086107,-37.997044,3
-1.1561459,-31.38405,3
-5.6557894,-77.432846,3
6.9044733,-46.723522,3
-9.52713,-74.43136,3
-5.2569566,-52.3017,3
-8.7782755,-31.645842,3
-6.3318686,-29.832747,3
-22.325039,-72.38652,3
-18.834333,-50.022964,3
-10.965893,-63.362793,3
-6.6097813,-68.04724,3
-13.628291,-74.23406,3
0.8070076,-40.620293,3
-3.9169705,-53.533474,3
1.9447175,-48.3786,3
-14.554725,-73.01679,3
-25.387682,-14.693715,3
-29.794395,-14.774873,3
-4.028461,-80.121086,3
-14.488561,-59.872772,3
-12.537793,-32.614616,3
-3.1791477,-77.49321,3
-7.687604,-46.541405,3
1.8135475,-57.126163,3
1.2933353,-53.46949,3
-9.663803,-35.437138,3
-8.0778,-44.944775,3
-7.6778975,-79.59978,3
-33.28897,-40.906918,3
6.8930287,-45.87817,3
-5.9278154,-36.590935,3
-21.84268,-49.32302,3
6.7758327,-41.745407,3
-10.271196,-63.671814,3
-7.205075,-48.491714,3
-19.6508,-70.48939,3
-5.3705163,-81.366104,3
-10.168189,-64.74302,3
-18.318352,-21.14974,3
-20.449995,-75.255585,3
4.7135077,-57.072582,3
-2.951769,-68.13008,3
4.880092,-58.95308,3
7.221641,-57.030907,3
-19.49845,-49.98761,3
3.578032,-39.30278,3
-2.9920783,-34.907337,3
-2.2831678,-52.554337,3
-40.1914,-28.404932,3
-9.45424,-41.61011,3
-8.577259,-69.22875,3
-16.33346,-49.94509,3
-37.45551,-7.268638,3
-10.77921,-71.77949,3
1.7731458,-40.98179,3
-6.132084,-81.41903,3
-0.37258497,-54.049713,3
-6.7918005,-38.613358,3
-14.604778,-72.843834,3
-5.2121058,-42.269375,3
-18.896776,-72.77385,3
-23.672709,-45.642162,3
-2.80252,-19.44891,3
5.5848613,-56.575058,3
5.7961392,-42.26757,3
-9.813769,-47.711243,3
-5.186229,-46.78128,3
-8.108562,-49.59639,3
-8.01076,-70.417496,3
-19.655813,-16.31565,3
-38.074387,1.4677355,3
-49.212826,-11.908543,3
-26.924261,-6.2778153,3
6.8760395,-58.103443,3
-11.8543005,-64.7767,3
-18.263662,-71.08237,3
4.1371326,-54.728443,3
-4.246006,-72.75655,3
-17.852726,-74.85191,3
-16.172895,6.234784,3
-12.996367,-62.515873,3
-13.428771,-65.52081,3
-9.643907,-67.82631,3
-22.127033,-17.863836,3
-25.970167,-18.9908,3
-0.5403736,-38.14233,3
-20.704905,-45.8392,3
4.0621433,-43.10722,3
-20.61491,-48.353935,3
-0.71325856,-37.2264,3
-16.899103,-34.73095,3
-13.448026,-71.47438,3
-11.945491,-44.251343,3
0.38082036,-36.92006,3
-15.539854,-47.409775,3
-20.611897,-32.700638,3
-7.335532,-34.879395,3
-24.017534,-38.151646,3
-24.237997,-26.594679,3
-25.81995,-10.222775,3
-3.8590162,-48.965527,3
-10.441169,-73.17331,3
-1.2544327,-54.380775,3
-40.25375,-38.212902,3
-5.759851,-39.141598,3
6.1601877,-49.533077,3
3.4051425,-54.27778,3
-29.427753,-37.41086,3
5.497841,-58.199707,3
-4.7102184,-78.60925,3
-3.4805493,-54.784,3
-15.423374,-10.613646,3
-13.029635,-74.70075,3
-25.407894,-25.516361,3
-19.431232,-75.127625,3
-41.083817,-30.865107,3
-8.983847,-63.724636,3
-10.351485,-16.098555,3
-32.586487,-20.665073,3
-22.996616,-19.344543,3
-22.119707,-50.402897,3
3.0287826,-45.362236,3
-19.451025,-41.839718,3
-16.780853,-67.09749,3
-29.134151,-37.89007,3
-46.504765,-8.034035,3
-4.3057237,-70.827324,3
-8.685855,-48.63091,3
-9.749471,-45.628834,3
-24.046719,-2.2406242,3
0.6216217,-50.774548,3
-7.694872,-45.68497,3
-52.25668,-19.591307,3
-23.939754,-30.907824,3
3.357313,-53.46895,3
0.09084018,-62.30086,3
-9.525537,-66.89906,3
-41.396984,-19.947515,3
-16.474121,-65.85328,3
-12.474206,-34.42177,3
2.254034,-49.64082,3
-2.374711,-42.803852,3
-2.9236891,-70.49468,3
-17.252102,-62.9516,3
-14.714803,-35.050095,3
-6.0312347,-68.78349,3
-23.820255,-9.478327,3
-18.249802,-76.58971,3
-23.093538,-49.913467,3
-10.623706,-37.28049,3
-7.6613426,-32.797237,3
-39.96291,-10.540464,3
-27.443619,2.9531257,3
-3.938703,-77.08223,3
-51.47243,-23.115368,3
-17.90902,-31.146666,3
-11.427618,-41.4956,3
-2.2278018,-48.39802,3
-29.075914,-11.279597,3
-22.898544,-29.26904,3
-38.549927,-37.690445,3
-17.411867,-34.553555,3
-1.4394045,-76.37293,3
-10.510714,-33.967945,3
-9.764877,-70.24536,3
-9.1461735,-64.211105,3
-41.465137,-36.210873,3
4.916366,-52.60333,3
-21.677036,-44.824474,3
-2.509735,-76.1909,3
-12.000923,-61.96388,3
-14.108981,-76.90766,3
-4.208003,-68.94608,3
-1.8714131,-54.622753,3
-14.634191,-49.745125,3
-6.318788,-35.661697,3
-24.983225,-15.279094,3
-20.705156,-46.393425,3
-12.172271,-58.84085,3
4.0434036,-47.1529,3
-2.720378,-53.53794,3
-10.685973,-46.218353,3
5.0055423,-53.9905,3
-19.557562,-37.72789,3
-16.81341,-73.34671,3
1.5561912,-52.467564,3
4.00506,-56.104446,3
-17.139872,-77.98126,3
-6.2775965,-78.72164,3
-11.187662,-32.14388,3
2.308432,-48.075703,3
8.024489,-57.454475,3
-7.1583457,-62.82012,3
-3.8070667,-50.47151,3
-11.734008,-14.381015,3
6.053599,-55.619705,3
-14.119786,-68.98402,3
-19.767544,-34.37517,3
-32.5111,-32.542583,3
-44.86777,-5.2154236,3
-4.9240384,-49.098995,3
2.3943849,-51.997967,3
-9.470468,-73.32236,3
-11.534676,-69.06282,3
-22.278519,-44.48957,3
-16.326801,-48.3207,3
-25.606026,-12.701612,3
-11.670298,-66.16845,3
3.5777311,-56.660107,3
-4.524006,-51.76876,3
-8.597089,-73.7228,3
-10.289254,-76.269196,3
-12.442651,-63.22953,3
-6.2841854,-78.14019,3
7.051256,-56.390476,3
-21.41781,-42.309044,3
6.63615,-54.493378,3
0.39093605,-33.88343,3
-8.9515505,-71.74184,3
4.256346,-49.82895,3
31.566593,10.852661,3
-35.42217,-41.313,3
-9.57536,-61.17207,3
-11.64992,-19.700771,3
-2.7841105,-55.233276,3
-0.88236237,-47.90248,3
-3.4776835,-36.60078,3
-19.777925,-45.084858,3
-5.7503214,-49.0945,3
-1.8787315,-68.889565,3
-6.837142,-75.96593,3
-19.792429,-74.732925,3
-37.387627,-35.23197,3
-0.53012574,-35.79679,3
-22.66437,-30.890507,3
-11.418193,-70.06477,3
-4.463655,-80.340294,3
-16.868505,-48.592808,3
-0.7726028,-40.170803,3
7.551997,-55.24734,3
-10.016171,-75.36267,3
-47.818035,-25.951096,3
-5.8830895,-37.596146,3
-16.48106,-75.229576,3
-1.9420004,-44.37485,3
-9.877341,-46.346638,3
-15.135509,-78.39082,3
-15.095031,-20.275013,3
-19.1601,-22.05962,3
-0.3533327,-54.576168,3
-4.4783816,-38.25971,3
-3.7650523,-74.039635,3
-13.3293085,-60.36047,3
-40.081894,-28.79041,3
-6.137523,-34.676914,3
2.5276163,-47.461586,3
-14.129119,-79.72148,3
0.90059716,-57.517193,3
-18.205532,-31.127865,3
-48.217594,-24.603731,3
-21.677849,-26.635546,3
-35.455044,-38.57206,3
-18.957579,-38.17174,3
-26.029922,-26.999323,3
-16.444471,-78.39787,3
-25.794966,-11.369687,3
-14.70028,-69.131874,3
4.5507708,-58.24825,3
-32.86057,-38.86457,3
-9.878816,-49.62017,3
-44.237545,-34.512356,3
-14.502397,-62.486763,3
-6.5289736,-46.42832,3
-3.0467045,-79.671295,3
5.44475,-57.098316,3
-0.64087266,-41.502827,3
4.3032904,-59.617794,3
-1.5225844,-45.032337,3
-3.0767272,-53.282944,3
-13.219823,-72.81539,3
-7.379996,-72.301674,3
-3.944455,-68.780846,3
6.8780236,-52.04952,3
6.7532306,-50.10905,3
-6.9074316,-61.241295,3
-5.953421,-63.168858,3
0.38283303,-62.317955,3
-14.7112255,-58.72462,3
-42.392563,-34.888172,3
-32.425507,-39.375427,3
-23.016298,-30.437977,3
-7.6998334,-77.30981,3
-1.916699,-35.369873,3
-5.7024436,-32.072933,3
-22.265978,-73.46739,3
-9.019209,-46.326897,3
5.4469686,-55.391636,3
1.3534685,-42.07306,3
-2.487152,-50.599476,3
-11.2070465,-46.942223,3
6.6266875,-49.12666,3
4.6903286,-41.87617,3
-4.969874,-68.74793,3
-3.267555,-78.34581,3
-34.065792,-38.457497,3
-37.43697,-32.639317,3
-12.55203,-73.35292,3
-16.477808,-76.05216,3
-6.2902727,-76.30087,3
-4.3031626,-31.32548,3
4.0105243,-57.56388,3
-27.98976,-39.075703,3
5.115576,-59.722225,3
-11.211514,-67.57052,3
-6.122153,-62.615498,3
-21.947483,-74.58832,3
-13.012346,-64.50739,3
-6.6317806,-70.40987,3
2.7315571,-42.401455,3
0.35355213,-43.118515,3
-14.109202,-79.5118,3
-27.085836,-26.610662,3
-4.201922,5.452296,3
-6.209851,-30.001547,3
-4.90701,-80.94752,3
-15.654248,-48.27162,3
-4.9932566,-47.26295,3
3.4041305,-58.902565,3
-8.879976,-61.251118,3
-20.725756,-43.29365,3
-17.984634,-51.582863,3
-7.252724,-37.700554,3
-0.38108733,-49.282658,3
-6.551777,-71.57643,3
-1.8638257,-40.473682,3
-9.324594,-34.233276,3
2.7430847,-44.677303,3
-11.229896,-48.925003,3
-41.8576,-16.98623,3
-21.266218,-31.269009,3
6.0864577,-59.051235,3
-12.395115,-69.37367,3
-12.764096,-65.30588,3
-5.230669,-54.15755,3
-19.005901,-71.86602,3
-17.633121,-22.10191,3
-1.6936369,-39.710052,3
-13.81156,-53.44912,3
-34.596146,-31.333693,3
-5.919952,-33.503544,3
-13.820825,-53.802498,3
-15.491692,-73.1438,3
-4.026847,-81.475136,3
-42.123726,-31.462284,3
4.730733,-55.865425,3
-8.944477,-77.48118,3
-9.98354,-35.936665,3
-26.834343,-23.14875,3
7.891018,-53.243843,3
-7.078892,-72.45833,3
-9.510173,-39.576458,3
-13.047268,-66.09549,3
-6.772033,-81.10282,3
-5.025915,-77.50046,3
-2.138875,-77.87027,3
-5.721855,-51.1086,3
0.55710214,-40.36525,3
-15.721816,-60.412056,3
-5.343803,-80.156044,3
-0.092144534,-39.02587,3
-2.3210795,-18.72568,3
-16.424109,-40.74469,3
-6.9917026,-78.41324,3
-4.8181224,-69.91704,3
-10.286892,-72.6554,3
-20.617779,-74.21765,3
-9.169778,-80.09375,3
-16.12101,-10.526464,3
-35.473476,-39.135086,3
-3.6155121,-71.67786,3
-7.604235,-63.86739,3
-7.8686767,-47.674046,3
1.3432184,-61.038967,3
-4.476577,-79.06565,3
-5.073302,-67.170204,3
-25.145172,-10.894498,3
-10.052857,-79.49826,3
-2.2622874,-79.10622,3
-35.420605,-26.243355,3
-3.6509554,-80.63472,3
3.7483144,-44.594654,3
-23.760868,-25.491018,3
1.3969423,-49.80524,3
-30.341444,-40.47827,3
-11.531281,-36.653877,3
-14.36049,-0.8284889,3
-18.308767,-73.34432,3
-8.365189,-37.50898,3
-0.22361256,-42.79565,3
-10.970904,-79.47991,3
-6.465503,-80.14737,3
-14.911099,-77.43054,3
-16.38297,-50.86278,3
-16.786102,-63.43017,3
-2.9490287,-71.71212,3
-9.687092,-43.638702,3
-21.682007,-73.67993,3
-6.3095026,-30.645557,3
3.5184946,-41.26151,3
-51.29208,-20.893103,3
-9.870202,-28.37233,3
-9.524292,-42.34331,3
-7.5007834,-80.83721,3
-3.5488873,-46.637157,3
-22.55991,-24.435266,3
-14.906256,-72.037384,3
-10.889983,0.0004302403,3
-16.042263,-78.258,3
-14.41354,-73.37706,3
2.874989,-59.413807,3
-0.21451819,-34.013588,3
3.790016,-45.75841,3
-7.5982656,-31.672907,3
-2.7856371,-31.185705,3
-17.224358,-75.018936,3
-19.322792,-30.890131,3
-0.46919304,-18.954777,3
-3.060981,-70.134254,3
-24.7931,-30.940369,3
-4.957119,-79.74013,3
-1.6961958,-38.63895,3
6.188028,-57.680782,3
-6.3529444,-40.471615,3
-24.705288,-24.425308,3
-6.571618,-45.02558,3
-16.44392,-40.98874,3
8.167268,-55.798386,3
-2.5681062,-15.735111,3
-11.818228,-0.9119557,3
-18.74153,-32.3002,4
-52.881836,-3.3696036,4
-41.816776,-33.220142,4
-38.20683,-29.579615,4
-33.41071,-16.68035,4
-28.77201,-38.09411,4
-43.99678,-18.323332,4
-38.030487,-2.9495063,4
-49.791454,3.6275644,4
-55.860115,-4.408904,4
-12.497389,-42.868958,4
-24.096922,-49.223305,4
-13.414648,0.14921287,4
-37.618965,-22.356817,4
-22.099615,-48.105553,4
-14.58675,27.524057,4
-26.070917,-23.697237,4
-14.926001,-8.444975,4
-46.126507,-7.992218,4
-39.15482,-40.31383,4
-51.72291,-9.02984,4
-42.784008,-10.3714285,4
-47.10045,-26.32016,4
-14.422653,-13.097019,4
-28.725378,-10.335933,4
-20.57671,-72.716705,4
-14.314597,29.048117,4
-42.991875,-32.3402,4
-38.112053,-12.474159,4
-44.190647,-14.349637,4
-41.525753,-33.588535,4
-22.901436,-1.8680662,4
-10.787058,-7.0046377,4
-45.6967,-6.7156305,4
-51.394592,0.66098785,4
-45.774952,-35.678,4
2.0046718,5.7061596,4
-39.940456,-8.455188,4
-23.176033,-32.36047,4
-48.94312,-7.2976594,4
-48.734303,3.983171,4
-9.698678,0.13399285,4
-29.173922,-6.1839275,4
-44.465504,-11.633331,4
-38.023396,-0.7048203,4
-39.437206,-18.557058,4
-34.62188,-35.870995,4
-41.951458,-22.74579,4
-52.932144,-19.43748,4
-31.124447,-13.571909,4
-39.559513,-6.4409337,4
-7.931084,-12.894688,4
-12.919105,-12.520895,4
-28.3362,-27.067947,4
-40.288895,-9.986109,4
-51.32448,-11.305714,4
-24.279783,-24.756498,4
-18.884928,-17.811964,4
-47.5334,5.7140465,4
-39.751846,-23.150911,4
-26.219454,-10.459855,4
-17.847883,3.6066072,4
-51.44764,-24.224276,4
-49.93013,-12.528464,4
-38.698868,-21.923851,4
-52.759827,-13.32681,4
-30.835041,-14.3973,4
-46.983116,-35.308853,4
-41.587242,-1.8789912,4
-30.239649,17.972097,4
-12.6157465,0.65619606,4
-12.893351,2.777984,4
-53.5329,-16.435167,4
-41.1328,-26.528666,4
-16.09151,-15.413514,4
-45.199852,3.4364731,4
-28.803476,0.04193759,4
-43.397205,-32.27058,4
-30.806566,-10.306768,4
-23.35096,-29.632992,4
-25.878334,-47.444427,4
-45.614925,-13.11543,4
-45.939053,-6.6293006,4
-41.926308,-29.47939,4
-40.623123,-9.838652,4
-40.08564,0.5153655,4
-35.658344,-30.86763,4
-29.455536,19.695612,4
-10.852723,-13.62884,4
-50.932323,-11.218472,4
-16.9435,-11.930144,4
-49.539303,-2.270449,4
-49.712646,2.551265,4
-48.015125,0.8250655,4
-50.19252,-11.178071,4
-7.8402767,-49.75774,4
-43.63722,-2.5485573,4
-32.209618,-36.661526,4
-20.789774,39.87325,4
-46.8759,-8.901413,4
-55.988617,-24.579172,4
-35.973457,-15.9916115,4
-34.227608,-20.123491,4
-35.190037,-1.3263062,4
-16.395168,-21.31325,4
-12.351646,-19.47335,4
-44.007202,-29.568707,4
-18.121475,-24.042225,4
-2.3948252,-33.55839,4
-25.832115,-28.575182,4
-46.659935,4.1627083,4
-47.892395,-20.50374,4
-50.797688,-14.939481,4
-52.536636,0.95097125,4
-14.331161,-10.194167,4
-33.63775,-29.29618,4
-19.991024,-6.914481,4
-37.8927,-30.099813,4
-32.850258,-21.545307,4
-49.37447,-4.5288553,4
-14.804339,9.045424,4
-46.600094,-15.968193,4
-43.65122,-6.303767,4
-48.7829,-5.218871,4
-31.23829,-39.5026,4
-1.7424979,45.95316,4
-38.391193,-34.32807,4
-52.55598,-17.226717,4
-28.22485,-18.291998,4
-53.96319,-9.676495,4
-24.022429,-13.907821,4
-31.565197,-3.0593736,4
-34.969406,-13.358079,4
-36.18241,-18.511612,4
-34.683167,-7.880277,4
-36.12255,-17.535744,4
-38.807304,-28.466696,4
-0.5800644,-30.349466,4
-26.502777,-46.06061,4
-26.625414,-15.958083,4
-50.924065,-6.3171897,4
-24.305206,-50.632057,4
-23.02548,-48.783615,4
-30.204065,-10.499535,4
-47.28155,-12.915485,4
-34.841827,-14.761131,4
-38.30232,1.5432194,4
-43.40727,-30.168661,4
-49.48974,-25.831272,4
-48.21903,5.6518116,4
-28.593393,1.2277721,4
-49.383415,-3.3920593,4
-25.885414,-24.806667,4
-51.918404,0.9365224,4
-11.913532,-10.384643,4
-54.599415,-10.332216,4
-43.263187,-16.403357,4
-3.444451,10.381949,4
-27.569487,-45.247192,4
-38.35728,-28.744514,4
-32.779724,-36.759968,4
-45.542454,-5.5867114,4
-42.406292,-14.320672,4
-22.70358,-34.09039,4
-23.802809,-34.328922,4
-50.737553,-9.001351,4
-37.03552,3.9899096,4
-38.550335,-39.45173,4
-53.26046,-20.47027,4
-47.269802,-1.9264437,4
-47.50075,4.4401493,4
-27.10452,2.4482193,4
-13.372314,-15.210105,4
-53.88343,-16.084766,4
-55.437172,-4.4016585,4
-29.38756,-16.6935,4
-25.480886,-28.70078,4
-32.770664,-30.154844,4
-52.154102,-1.9401506,4
-40.4425,-36.037704,4
-28.616245,-14.266294,4
-11.244704,0.538742,4
-20.236273,-17.712965,4
-43.701416,5.620276,4
-18.072073,-2.2753105,4
-46.682465,4.9058623,4
-53.117165,-10.823303,4
-32.91964,-28.120573,4
-41.14558,-20.228916,4
-27.14763,-10.383792,4
-35.111286,-2.12582,4
-40.849808,-19.07335,4
-10.29776,-31.829992,4
-48.98724,-11.260601,4
-26.867136,0.5726889,4
-10.969247,-27.650478,4
-44.127876,-32.94516,4
-53.640453,-19.986334,4
-31.267414,-11.356489,4
-44.42688,-12.879282,4
-45.613415,-11.279863,4
-25.199457,17.396025,4
-33.84903,-39.553207,4
-38.43356,-17.302711,4
-13.581517,-15.441251,4
-16.055355,-7.6377935,4
-15.5293045,-50.336693,4
-53.15436,-9.595645,4
-52.889267,-15.066843,4
-48.436344,-22.883614,4
-35.79655,-8.067584,4
-30.031574,-15.326086,4
-31.490374,-2.95985,4
-8.414095,-38.158363,4
-52.773773,-16.092035,4
-16.082401,3.9565697,4
-29.658548,18.204393,4
-30.663832,20.215075,4
-28.661505,-19.147705,4
-51.92447,0.11174826,4
-31.455847,-37.448387,4
-30.47999,-35.59752,4
-35.372112,-12.86486,4
-43.496067,-26.817373,4
-41.887573,-17.689295,4
-24.573458,-48.157692,4
-37.937523,-25.508348,4
-52.83828,-11.992472,4
-27.570925,-22.344755,4
-13.417328,-13.233896,4
-38.682777,-31.611319,4
-17.047806,26.766874,4
-26.16166,-6.440995,4
-19.335917,0.25647962,4
-34.776558,-17.00028,4
-21.591724,-52.815018,4
-32.275288,-35.013657,4
-14.711161,-2.5603442,4
-28.575785,-2.1770258,4
-51.08153,-8.444053,4
-33.333363,-14.874858,4
-34.364204,-32.19962,4
-55.398373,-16.4701,4
-45.51002,-21.996716,4
-32.48502,-20.268301,4
-37.676937,-26.498955,4
-45.97219,-18.882896,4
-44.7156,-21.855667,4
-49.81912,-7.697542,4
-32.821945,-30.789701,4
-13.075227,-2.2244983,4
-47.48756,-4.1903634,4
-20.036184,-17.593367,4
-28.919235,-7.0885253,4
-42.34334,-12.869516,4
-43.53457,-37.37593,4
-41.171757,-24.5357,4
-51.21321,-16.033482,4
-47.216473,-3.8199432,4
-24.747837,-15.997216,4
-34.499435,-18.370007,4
-37.331665,-31.323309,4
-27.732243,-8.026876,4
-9.257401,-31.106188,4
-28.516788,-18.317106,4
-42.329826,-16.316338,4
-22.294352,-28.41638,4
-33.488014,19.786516,4
-29.613604,-19.121674,4
-20.557629,-48.872677,4
-42.789814,-12.767001,4
-41.46069,-27.899858,4
-54.905266,-3.8518996,4
-42.66816,0.01336071,4
-27.773361,-1.8974226,4
-33.027626,-40.763428,4
-37.938396,-12.409556,4
-51.954662,-12.401449,4
-20.579855,-51.508778,4
-7.618669,-63.198048,4
-27.02606,-13.490148,4
-50.969227,-17.85999,4
-29.146759,-20.662727,4
-29.374195,-24.844278,4
-47.415394,1.7454053,4
-41.624676,-24.89548,4
-51.423336,-17.520681,4
-29.21281,-1.2024968,4
-31.333546,-15.608194,4
-31.82206,-29.576792,4
-13.818107,-12.997078,4
-44.077045,-14.763488,4
-52.525993,2.035732,4
-19.613901,-20.09223,4
-15.68923,3.8949318,4
-19.562656,0.071476296,4
-16.957417,-60.001278,4
-56.23656,-4.844726,4
-30.335438,-41.764454,4
-38.61786,-32.004753,4
-16.71142,9.53059,4
-21.97839,-48.30201,4
-42.87079,-21.288095,4
-23.13838,-17.276516,4
-48.586445,-9.424256,4
-23.546642,-47.605137,4
-54.26525,-12.834654,4
-48.806175,-26.570677,4
-27.01231,-37.995247,4
-23.941248,-10.200095,4
-37.74354,-3.5538616,4
-26.054111,-26.704908,4
-40.996773,-37.97606,4
-7.8719797,-12.8257065,4
-25.62541,-13.6253,4
-19.540173,4.3172646,4
-39.198997,-15.479263,4
-14.084476,-10.472707,4
-30.31459,-41.193455,4
-38.212234,-37.140984,4
-30.181332,-16.442236,4
-44.04741,-13.030945,4
-43.93425,-6.922003,4
-32.4114,22.46999,4
-53.99041,-20.24875,4
-18.282116,25.066452,4
-35.49681,-30.603525,4
-26.361044,-9.374161,4
-28.996773,-17.486382,4
-24.52591,-47.16454,4
-36.3602,-30.843884,4
-17.9517,24.5735,4
-52.113106,-21.190477,4
-39.75216,-6.5963793,4
-43.98088,3.1798267,4
-11.856289,-7.1470046,4
-37.215496,-28.311579,4
-42.197067,3.584025,4
-52.95218,-3.6480417,4
-10.36672,-10.122746,4
-37.28267,-17.662853,4
-48.64744,-17.171125,4
-44.943756,-18.70846,4
-55.11479,-12.927492,4
-3.8341582,7.8592668,4
-3.7922397,4.3374486,4
-45.220997,-34.496906,4
-31.46404,-15.098533,4
-42.359207,-36.474194,4
-39.61165,-35.163006,4
-14.890916,-14.341113,4
-21.496195,-41.34472,4
-54.44455,-1.6332347,4
-14.887173,-0.88995826,4
-53.87657,0.43266976,4
-43.922325,-1.2787862,4
-26.966736,-2.642366,4
-43.795334,-35.57228,4
-25.60813,-4.0809474,4
-48.738804,-17.902996,4
-22.75519,-19.338799,4
-38.506855,2.577057,4
-14.78749,-35.469624,4
-31.784042,-21.00422,4
-36.84628,2.6618338,4
-50.301678,-15.903664,4
-24.51823,-32.648724,4
-50.801926,-24.04384,4
-11.48331,-7.8494925,4
-19.643412,-33.951454,4
-41.582054,-15.874853,4
-24.125013,-29.9539,4
-16.197727,0.3277574,4
-34.678566,-15.54718,4
-22.812786,-47.67489,4
-35.898113,-34.78438,4
-30.352148,-14.275115,4
-51.564617,-14.986119,4
-53.431335,-0.30828354,4
-6.3777504,-11.837906,4
-12.033033,-12.2571745,4
-16.9771,-20.298954,4
-27.99151,-36.871914,4
-46.05983,-10.530746,4
-30.905027,-17.742002,4
-38.50229,3.452555,4
-10.740536,-31.175367,4
-37.836308,-19.236301,4
-26.463999,-47.71586,4
-50.71486,-19.5065,4
-17.807722,-20.358473,4
-11.1318865,-34.217022,4
-25.038378,-0.38646305,4
-52.263504,-0.68099844,4
-40.07433,-34.12356,4
-25.034304,-33.124638,4
-41.62406,0.81538504,4
-37.583607,-14.106181,4
-34.641895,-13.107628,4
-40.123413,-31.658178,4
-19.499804,-35.302906,4
-28.266943,-13.015961,4
-1.1056468,42.063503,4
-38.40728,-33.543926,4
-16.908598,-21.844524,4
-15.52439,26.412836,4
-43.75377,-32.808388,4
-55.84701,-24.217203,4
-19.865831,-2.386188,4
-26.147678,-46.845097,4
-39.937805,-15.759766,4
-15.424378,-39.882633,4
-41.522137,-21.97021,4
-16.063652,-15.703175,4
-51.88414,-25.241526,4
-23.649014,-27.475801,4
-25.313513,-0.4717468,4
-42.995808,-11.998091,4
-6.036957,6.2816286,4
-11.597515,-42.082497,4
-53.834457,1.4353671,4
-39.55568,-27.1115,4
-37.80317,-38.747025,4
-48.527256,-19.46395,4
-40.6605,-15.286758,4
-39.97448,-36.779263,4
-19.899702,23.43223,4
-49.72139,-24.341436,4
-38.678787,-21.23111,4
-51.693275,-16.424118,4
-34.226364,-16.665426,4
-37.603115,-24.55498,4
-19.894535,-50.516464,4
-41.215977,1.41647,4
-43.162926,-26.092009,4
-46.694984,-13.227754,4
-53.576355,1.9884267,4
-0.6474562,-32.979282,4
-30.798347,-36.734753,4
-22.509027,-17.795658,4
-43.253845,-34.41573,4
-36.109104,-16.012587,4
-28.608297,-3.80202,4
-48.799377,-9.045647,4
-52.21387,-18.872805,4
-43.071995,-0.7264032,4
-44.797836,-2.3306706,4
-28.494892,-15.956089,4
-52.864265,0.3101695,4
-12.3268385,-1.1050481,4
-47.89233,-25.44822,4
-50.96608,-9.660577,4
-27.929377,-3.181355,4
-34.764626,-35.3967,4
-50.112713,3.2391925,4
-34.763653,-20.389477,4
-41.265797,-14.255628,4
-37.305573,-4.530202,4
-52.539806,-1.9780251,4
-23.199327,-0.75005835,4
