58.49558,22.235123,0
43.785065,-10.680705,0
68.3692,2.7872522,0
73.66837,14.112307,0
48.964638,-10.439183,0
81.92487,21.54957,0
75.32294,28.773987,0
52.572495,28.69015,0
35.874626,-24.929974,0
50.342697,-7.8069334,0
64.99963,6.8531284,0
64.620255,7.379943,0
76.2003,30.799128,0
69.97152,31.0408,0
72.11543,32.567535,0
81.631294,8.276276,0
80.23854,22.379244,0
47.59796,-5.764023,0
74.26711,25.37847,0
47.914616,-6.2162747,0
74.844376,5.440507,0
70.65504,-3.4204295,0
69.5726,-6.190493,0
60.932487,27.349745,0
73.98996,2.929976,0
80.95123,5.3739457,0
70.25766,-2.4214065,0
46.823605,1.2598383,0
68.155846,28.577755,0
63.293304,-5.3673644,0
50.80753,2.1449723,0
67.90515,5.9865265,0
46.73341,-5.121876,0
48.132587,5.1376147,0
44.604496,-10.860588,0
79.7936,4.053702,0
63.03335,14.467155,0
8.436137,25.088818,0
58.6756,23.682386,0
33.813248,5.7925467,0
77.323906,28.303694,0
73.58477,26.621677,0
73.9012,-2.2338083,0
51.98442,-5.4266305,0
60.642284,18.465326,0
78.77427,2.2508035,0
36.070927,2.7720377,0
82.03412,12.004534,0
60.632286,28.257498,0
9.504405,5.608579,0
71.41573,32.870388,0
72.98644,30.091442,0
75.79225,7.4099793,0
69.40569,10.999374,0
63.01941,20.284737,0
52.320423,-4.0001435,0
76.42872,12.54226,0
66.878,6.769296,0
57.099323,23.88942,0
71.09194,-5.1741247,0
85.23959,7.787206,0
75.543,31.387417,0
66.15953,0.08181792,0
61.300823,-5.3519135,0
36.770035,3.6786957,0
68.999054,3.247228,0
30.371151,3.9981377,0
64.191444,25.001749,0
64.74096,3.0695064,0
75.715324,20.679426,0
56.622997,-7.5335646,0
51.539513,29.532202,0
82.057846,5.318452,0
78.60554,23.424297,0
72.19307,18.280079,0
62.520687,12.957395,0
47.250057,-8.075011,0
62.00798,0.54956955,0
73.44221,16.7676,0
71.493256,10.556301,0
34.99409,-22.764414,0
57.446297,17.35133,0
63.484272,2.7779078,0
39.54258,-1.3363916,0
41.136677,-13.269943,0
83.243256,8.975116,0
73.77385,-1.036154,0
71.30095,-3.959093,0
69.04238,6.89753,0
81.60269,9.950943,0
76.78797,30.357988,0
76.11299,11.079785,0
62.828884,-0.2576864,0
77.28228,29.75477,0
71.79212,6.3737216,0
77.94143,22.834503,0
75.31915,30.592752,0
67.70688,29.408772,0
62.309067,-4.3280044,0
73.440956,32.87037,0
73.00889,24.534885,0
75.673996,-1.8176422,0
37.499126,3.982002,0
42.12847,3.2364593,0
42.79012,-1.9702328,0
75.12602,29.415903,0
35.451817,-26.418772,0
76.41144,25.412727,0
51.867393,30.24018,0
45.88624,3.095685,0
14.429023,0.3038661,0
43.119774,4.0936565,0
53.463413,-11.286938,0
26.750528,-21.629282,0
51.258648,-3.701246,0
81.48969,18.924381,0
66.76801,-5.2052517,0
66.4778,-1.2512866,0
74.3822,18.686666,0
75.42089,27.524704,0
71.949135,31.86136,0
38.107212,0.85818523,0
81.48042,15.985963,0
80.416435,11.643757,0
45.50563,-8.180885,0
72.28854,10.971653,0
71.274765,16.561195,0
59.63355,26.576817,0
63.726395,26.96481,0
76.4761,16.258387,0
52.003624,-9.54914,0
42.34564,-14.811633,0
64.887024,31.244835,0
62.861794,23.701317,0
28.451862,-22.611353,0
11.868369,5.365198,0
43.176403,21.566912,0
62.446835,25.863466,0
76.292015,16.604517,0
65.08042,-4.7008853,0
63.654217,-3.207965,0
59.408764,22.417402,0
74.87562,11.231571,0
79.40787,9.152562,0
62.91544,24.40069,0
62.325512,-3.6157925,0
70.43213,-4.530282,0
74.93834,-1.6018462,0
76.504875,-1.1714854,0
38.585842,-38.692093,0
52.12309,-7.276999,0
50.526314,30.095522,0
46.771996,28.222368,0
30.917057,-26.955585,0
64.44792,19.096287,0
43.81448,-7.831857,0
55.5682,22.26028,0
77.90639,8.844852,0
74.93067,26.20672,0
61.7972,12.16801,0
46.84609,5.566307,0
73.63739,-3.0512948,0
74.078606,19.910435,0
73.829796,25.85461,0
70.57603,31.6136,0
57.457035,17.701385,0
59.554775,2.6383862,0
38.53166,-38.7773,0
66.27115,16.44298,0
46.205555,-2.624313,0
78.57498,22.572153,0
65.98813,1.7255342,0
67.62521,4.8723946,0
57.924587,25.275772,0
77.22417,-0.12334317,0
78.84041,11.384259,0
77.559845,18.96361,0
54.232544,-4.5140805,0
37.25721,19.097832,0
49.787434,-10.327537,0
72.97733,11.98746,0
60.100746,14.62536,0
57.930195,-4.5506363,0
11.792129,4.8100076,0
64.54596,1.8394367,0
45.716747,-3.7357879,0
53.122723,-6.0661664,0
67.60195,-5.8542356,0
75.82713,20.032003,0
38.270977,17.58922,0
72.768936,15.224712,0
82.4468,2.8527584,0
70.26633,32.721527,0
75.722466,25.16046,0
75.53619,18.49916,0
65.67387,7.333114,0
80.37993,6.5849233,0
65.56051,16.752493,0
82.15638,3.9050198,0
82.21998,10.303751,0
74.01464,10.661957,0
40.300392,-3.2895093,0
80.3069,9.229541,0
64.42765,12.576787,0
62.64268,27.750923,0
44.70469,-2.3844438,0
72.32528,9.978955,0
65.09733,-3.9611583,0
75.87268,8.4624605,0
36.061783,5.074178,0
39.020798,-14.712951,0
66.86477,29.71527,0
53.62886,28.687267,0
60.650375,16.794771,0
51.670696,28.281551,0
73.351364,21.541164,0
66.69638,28.466234,0
82.948074,12.402275,0
51.032158,1.5008823,0
46.519077,-0.7393064,0
38.29103,17.530561,0
47.60996,2.7355149,0
73.4075,0.7589483,0
62.45417,21.950459,0
26.070099,-25.894344,0
79.20252,7.7022915,0
34.674282,5.473766,0
53.47556,-1.6554903,0
78.770386,4.2157683,0
19.20057,14.802455,0
76.567986,27.521439,0
64.04199,18.618332,0
56.261772,22.806147,0
51.222755,30.62841,0
67.27205,30.919605,0
56.4138,21.75917,0
41.418514,-13.467253,0
83.139694,13.056329,0
29.155725,-18.228426,0
81.060196,3.575232,0
65.32658,13.564032,0
42.629383,1.6809694,0
67.731285,-6.642566,0
51.18299,-12.173014,0
66.82557,18.495821,0
83.969696,5.9232726,0
81.26308,15.425488,0
66.88668,1.3096956,0
59.82126,25.668608,0
61.725906,27.576876,0
83.38615,11.448449,0
67.07608,11.736277,0
63.33389,1.8035111,0
78.74868,28.809933,0
77.64062,13.091027,0
51.424496,-10.813954,0
74.89142,5.550867,0
69.427795,0.49800122,0
37.724495,4.7602816,0
45.83688,-9.533542,0
74.38877,20.78334,0
61.966713,28.727303,0
70.3577,-5.7162924,0
65.09686,5.3610573,0
54.117386,-6.32095,0
52.469913,30.40134,0
83.37778,9.991322,0
83.067,4.8215976,0
81.56642,19.60885,0
71.89775,14.978821,0
82.69876,11.292606,0
40.087185,-4.9549108,0
64.770805,2.2265017,0
24.393778,20.813171,0
46.340336,-7.299826,0
71.65112,-3.320421,0
61.48646,19.41799,0
49.829865,-4.361435,0
79.102325,26.657547,0
47.886944,-3.5703373,0
47.099575,0.43131602,0
78.01467,24.418028,0
43.982517,-9.784024,0
26.29722,5.791232,0
53.163445,-7.056688,0
76.68011,10.176503,0
21.723639,17.182676,0
28.570864,-24.118135,0
74.4048,9.515701,0
41.79641,-3.1724331,0
74.2008,30.246555,0
63.061657,21.860172,0
63.934147,-2.0007021,0
52.432243,-2.2352402,0
71.30357,13.018051,0
72.38515,12.0597515,0
79.95826,8.097951,0
66.55126,6.3534746,0
41.41189,-11.583334,0
60.456253,20.484127,0
68.9557,5.9516363,0
69.068825,0.62131894,0
67.251015,-1.5386238,0
47.31451,4.4296846,0
69.54015,8.185451,0
70.92727,11.704282,0
66.86752,12.776154,0
74.87153,19.391397,0
52.919228,-10.017318,0
81.906075,6.381007,0
53.522552,-2.7158818,0
63.322826,22.870451,0
80.566154,4.66211,0
59.426674,21.931877,0
65.21726,-1.974617,0
43.902443,2.3558025,0
66.202736,-6.364048,0
41.670696,-9.7913685,0
68.81585,-4.2253447,0
43.434685,-2.1742656,0
74.21176,8.225495,0
31.283432,-27.85498,0
74.55129,11.887498,0
74.0094,29.430843,0
74.40628,0.07194384,0
50.886528,28.612465,0
77.39478,5.6072636,0
69.381325,30.239956,0
63.75075,24.957575,0
44.24455,4.3924546,0
60.79126,26.400446,0
42.22744,0.9068547,0
67.397125,28.854008,0
80.337616,23.527105,0
65.45686,14.324433,0
79.233696,23.755249,0
60.359627,15.960917,0
80.18109,2.600879,0
70.00446,6.214808,0
67.874565,16.259981,0
63.71069,-3.8427527,0
71.993996,33.517403,0
64.41962,20.397999,0
77.021255,31.324951,0
68.47312,33.529,0
78.750946,3.5356612,0
76.61253,28.836857,0
72.1102,-4.2157674,0
50.97137,29.493261,0
78.13024,27.691246,0
63.501793,13.552978,0
74.62883,27.74555,0
61.135826,13.731616,0
69.07752,33.601532,0
84.06665,4.70172,0
41.98455,-2.9146473,0
58.96161,25.069332,0
79.13709,5.5564427,0
57.002827,24.966547,0
52.311398,29.403482,0
49.932148,4.595077,0
64.73552,-0.007719681,0
61.582638,18.589561,0
48.556778,-9.789991,0
37.603012,-1.9374804,0
76.93804,23.121542,0
72.8054,13.790158,0
55.302006,-5.0228515,0
30.665516,3.6357663,0
69.17533,-1.7216432,0
71.06867,17.91179,0
41.495617,-15.155692,0
66.77176,27.5194,0
48.3197,-4.282158,0
70.41781,5.0513835,0
51.320927,-2.8412766,0
72.27474,-2.402161,0
58.926197,-3.111128,0
63.939465,16.753489,0
75.805176,-0.8302617,0
69.708015,-4.818229,0
66.360695,31.450533,0
62.6557,11.042884,0
63.950336,13.43582,0
40.982765,-15.513177,0
36.588963,2.8375967,0
59.780212,14.015477,0
33.618042,-29.80994,0
78.21309,29.664986,0
68.27244,-1.6848831,0
66.41818,-1.862615,0
83.06108,3.6827037,0
49.076378,-7.0641427,0
79.99941,10.305981,0
30.295841,-18.690508,0
49.32786,29.466251,0
82.34809,15.152736,0
52.003952,-10.665246,0
44.82738,-9.985349,0
13.474493,5.2231555,0
27.647245,7.6782765,0
45.683422,-6.846846,0
60.730846,1.6359769,0
50.964684,-6.9757986,0
63.63586,15.1847925,0
57.702694,23.45906,0
50.01982,28.92686,0
73.38718,30.747066,0
67.55385,15.33702,0
79.81677,7.278532,0
72.97548,18.609762,0
69.058304,-5.3511786,0
73.901184,31.381365,0
21.413721,16.634472,0
49.111458,3.0931423,0
43.694798,3.5926738,0
47.862774,3.532861,0
68.51655,29.880291,0
-17.329699,24.491571,0
70.2485,8.93719,0
82.47993,13.983956,0
83.193504,4.3369865,0
66.73081,15.548117,0
85.235085,6.623331,0
53.173874,29.413876,0
60.531532,17.495073,0
46.43715,-7.80053,0
61.247726,4.4859633,0
36.210754,-30.177525,0
63.902233,12.491023,0
24.576563,19.345297,0
75.181946,9.063468,0
77.53803,13.675621,0
60.330196,2.1651754,0
63.21247,27.187675,0
81.606674,14.633181,0
69.55375,-3.5793307,0
79.05014,24.95382,0
67.85248,0.85239613,0
79.087654,28.20553,0
73.330956,9.545004,0
49.31543,-8.950376,0
64.700775,3.9605637,0
75.632,29.841806,0
84.676346,6.718496,0
72.73247,10.886893,0
63.513508,5.3979936,0
82.74236,9.49365,0
32.74281,19.545673,0
68.49907,31.15039,0
77.10225,26.734097,0
50.113728,-5.667652,0
12.34373,6.0313153,0
78.35504,30.315926,0
60.721527,14.459939,0
47.934994,28.573172,0
44.581875,-3.9353452,0
83.99534,3.7369456,0
80.201225,20.784655,0
60.823032,0.7503639,0
-12.897254,-37.623226,1
-12.382066,59.56228,1
11.745176,-35.50842,1
-56.975933,-2.4712021,1
-5.2206264,-55.412945,1
-45.362392,-18.104042,1
14.836807,5.2931547,1
-9.694122,-20.96531,1
-56.152473,-13.919198,1
21.175644,-37.683735,1
12.312166,-31.068623,1
-9.17752,-51.53247,1
-59.34758,14.468542,1
-18.714651,-32.97021,1
1.2904733,-45.744144,1
-14.537092,-59.224434,1
25.188295,-23.980394,1
-62.79142,19.211498,1
14.318778,-28.247515,1
28.464869,-32.330788,1
15.435472,-28.946327,1
41.53479,-16.63295,1
-46.75202,-26.394032,1
-17.327702,-23.246538,1
35.717556,-27.665243,1
-23.194452,20.207283,1
-54.017143,-6.1334124,1
34.458214,-37.22363,1
26.365765,6.65728,1
-28.822445,13.449747,1
-55.948235,13.665951,1
-9.089326,-52.904984,1
-19.991505,24.20377,1
-45.881664,-38.629906,1
-11.406885,-56.853477,1
-5.664105,-56.932907,1
-23.196457,24.487387,1
13.04388,0.8110537,1
-15.3864155,-11.842284,1
-24.86719,17.052105,1
-58.96318,12.745335,1
25.28924,-24.874819,1
52.05465,-11.853536,1
-64.82067,-0.32619306,1
-63.731117,6.0082,1
-26.709326,-24.811317,1
-56.927776,-14.41882,1
-25.61015,-23.479874,1
1.5480233,-28.391611,1
-25.841724,33.555946,1
-25.572863,12.313638,1
-45.85617,-33.709286,1
-35.630337,-39.86415,1
-31.185438,11.7783785,1
-4.289636,-57.829426,1
-56.53276,-2.7883453,1
-5.792163,-23.480904,1
8.35133,-22.498493,1
-56.98624,-5.760634,1
20.153479,-38.75119,1
20.607285,-40.983093,1
-20.696356,25.268124,1
-3.295513,-45.925373,1
-55.758778,-18.552416,1
-44.023304,-39.565037,1
-17.45803,-30.126406,1
29.58908,-40.53685,1
-56.96275,0.58377767,1
31.427979,-31.510702,1
25.574587,-26.3733,1
42.617622,-17.646633,1
-14.842294,-23.153486,1
44.825394,-14.6418705,1
39.99364,-16.948969,1
-46.713455,17.338032,1
-64.897,4.3841558,1
-29.284798,12.068408,1
-43.782104,-33.555313,1
39.63121,-27.128717,1
-43.026375,16.851149,1
21.48946,-39.925186,1
1.9716461,-35.783176,1
12.716531,0.63220996,1
3.283845,-55.131287,1
-48.999313,-14.008435,1
-44.025208,-15.852857,1
19.407587,-40.709785,1
-9.377964,57.28042,1
-24.847069,20.991276,1
-47.040627,-2.025526,1
-53.22507,-8.637659,1
40.4516,-11.867646,1
-40.073627,-35.295624,1
-56.07168,-20.613607,1
-57.814777,0.55394924,1
17.715298,8.154192,1
-44.59241,-41.017227,1
-16.766502,-30.270218,1
-38.089054,-35.357418,1
-8.179781,-23.747177,1
56.85355,-8.596909,1
9.264296,-47.36556,1
7.0697722,-50.489548,1
-21.186123,33.924103,1
8.581704,-47.192947,1
12.023067,-26.578316,1
-38.009037,-37.011517,1
-18.03912,-33.22086,1
31.452986,-35.189625,1
-20.526491,23.906836,1
-15.525196,-57.42025,1
25.569801,-29.478443,1
-18.251305,-31.694538,1
-40.991325,-41.104603,1
-5.0810027,-32.305748,1
22.325308,-21.299982,1
28.381666,-31.641863,1
13.937118,-29.070038,1
55.61506,-8.014676,1
-11.212426,-57.46644,1
-35.423565,16.291552,1
-18.028534,-20.665226,1
39.459167,-17.19006,1
-50.447193,-17.967941,1
9.041396,5.89731,1
41.36195,-0.2870849,1
37.47214,-32.659542,1
26.578964,-43.43633,1
-19.677307,-18.183304,1
10.866389,-20.962097,1
9.575259,-52.445087,1
-34.91572,14.92883,1
-19.565634,23.454992,1
-57.47696,-19.155966,1
10.085382,-23.776175,1
-22.759186,28.852053,1
-36.922005,18.57837,1
27.540293,-42.833847,1
10.505205,-21.408726,1
31.35385,-34.265118,1
-31.287355,9.314274,1
-67.99906,12.147989,1
-35.83963,-1.9571774,1
39.935352,-27.052235,1
-45.70495,17.830223,1
-53.51119,-1.685944,1
7.720159,-22.070892,1
26.784159,-19.444187,1
-4.7929697,-52.040634,1
-66.88659,12.715812,1
-59.67974,-14.812016,1
-64.02207,20.81615,1
-62.64319,12.626856,1
-21.011715,-23.381294,1
-10.986056,-21.099024,1
-4.555416,-31.17968,1
33.19004,6.3282647,1
38.500538,-16.724022,1
33.009983,-34.62468,1
-38.648563,-40.89437,1
36.214134,-31.15412,1
-26.174963,32.47854,1
-35.159355,42.55266,1
-27.932121,15.576342,1
-0.107829995,-33.727776,1
-19.802135,-23.251633,1
36.936367,-29.331223,1
1.9951266,-27.579294,1
9.6631155,-23.536821,1
-27.573866,12.847506,1
-35.515873,31.978592,1
5.2196913,-20.893635,1
-10.479996,60.976604,1
19.746937,-39.530624,1
-13.489938,-24.482176,1
37.112545,-32.120968,1
-47.69605,-34.986988,1
37.005737,-32.950947,1
25.194088,-32.1263,1
-17.5294,24.357191,1
-62.343254,22.080168,1
3.032431,-27.340364,1
-25.31307,18.130905,1
-33.56001,45.477016,1
23.222689,-20.9101,1
-42.712223,-36.06175,1
-26.536846,29.876299,1
-44.764824,-36.619247,1
0.6460163,-28.57033,1
-7.5167146,-6.3649626,1
35.648247,-30.943113,1
-36.305122,43.23977,1
-10.316436,56.50477,1
-23.616636,52.413353,1
-10.071792,-56.99261,1
30.813889,-34.73317,1
-38.61455,36.848557,1
-45.4103,-37.54243,1
-11.62554,-59.01224,1
-22.487045,22.830513,1
-21.202831,-23.173685,1
8.566584,-20.876678,1
31.877192,-22.052647,1
-42.676872,-27.805334,1
-51.369785,-7.5404234,1
16.727736,-18.112896,1
-30.550589,11.45376,1
10.90003,-37.753975,1
-5.4143224,-33.2657,1
-3.402436,-28.461678,1
28.117817,-18.715986,1
-24.184078,13.432993,1
16.992426,-21.206238,1
24.15365,-36.35592,1
-43.824123,-38.76564,1
-46.46412,-25.89096,1
-55.46581,-10.086453,1
11.329382,-22.581888,1
18.526907,-38.752457,1
29.336325,-23.072908,1
-30.851896,9.645955,1
-36.623314,42.54772,1
54.793236,-8.445636,1
-38.825073,-38.25799,1
2.4013631,-26.378548,1
17.102188,-46.241222,1
-12.122131,49.070984,1
-20.742039,22.322023,1
-60.200085,15.10726,1
-51.641647,-4.858811,1
2.6318958,-28.945791,1
-9.071449,-34.5748,1
17.937595,-25.110905,1
33.476105,-38.659325,1
1.2200087,-24.436148,1
-46.54959,-17.925491,1
-64.43538,-2.034617,1
-12.63373,-21.741915,1
0.41923428,-55.935684,1
40.02927,-4.4636116,1
-59.83201,12.6494,1
-18.609032,-22.824888,1
-4.5983953,-33.96736,1
-54.000256,13.927415,1
-24.169981,43.825012,1
5.5905447,-30.601925,1
-56.756516,15.040252,1
29.615137,2.7154589,1
-35.749905,36.716686,1
-30.355835,12.908962,1
-21.365353,24.159643,1
-57.40577,-16.274221,1
-53.923286,-19.41456,1
-49.665657,-19.36032,1
13.420398,-48.56184,1
33.15632,-17.311295,1
-35.42889,37.521896,1
11.965621,-31.686008,1
25.726126,-22.431639,1
-53.3071,-5.9936366,1
1.3948114,-34.536396,1
16.715794,-50.892006,1
-13.706022,58.89222,1
-9.89264,61.092808,1
2.105893,-24.90017,1
-6.0267587,-23.418089,1
-16.84385,-21.707659,1
36.15062,-16.345572,1
3.4040253,-55.810734,1
4.0448084,-29.408531,1
-8.082052,-57.91209,1
-15.534032,-58.841553,1
-24.580046,30.064735,1
36.332848,-25.22599,1
-68.91549,7.6819263,1
-3.875153,-57.303936,1
-34.173046,42.8603,1
-6.3711867,-52.570812,1
37.003185,-27.039242,1
-21.784065,33.172493,1
35.284355,-16.254303,1
11.487219,-49.261665,1
-57.55232,-3.446831,1
-30.912,45.665073,1
-35.62846,-0.6024962,1
-41.977673,14.491032,1
13.830082,-30.191555,1
-26.571037,45.17942,1
-6.892938,57.633472,1
-57.896908,-20.552803,1
32.131733,-23.628199,1
26.088331,-31.35552,1
-30.14855,45.751247,1
-12.443885,-58.108574,1
-58.689198,1.0294743,1
7.9555798,-24.616953,1
-26.698217,-20.593227,1
24.996786,-31.788485,1
-67.09102,13.542038,1
-5.4105167,-58.217762,1
-20.842709,-18.941296,1
19.150072,15.1294155,1
-36.75069,-40.011753,1
-26.933807,46.14567,1
-24.974798,31.531841,1
-10.09877,-57.799885,1
12.758834,-36.48605,1
-10.486872,-58.613037,1
-55.24859,-15.762899,1
30.730042,-31.0997,1
11.628677,-27.692364,1
-22.100258,-22.542177,1
-7.7520905,-19.72626,1
-46.72154,-35.511795,1
-36.685307,34.56786,1
-32.949467,43.190563,1
-40.783512,13.718938,1
-8.291897,-19.055674,1
21.115654,-48.991375,1
-14.758934,-57.4766,1
-17.82457,-19.95147,1
20.423294,-44.74885,1
26.379272,-23.964869,1
-29.993847,12.465407,1
-8.784091,8.991358,1
56.837566,-9.739122,1
-9.927491,56.384262,1
-53.039886,-0.7104999,1
-65.79798,-0.8389954,1
-66.893005,11.696873,1
-58.633083,-4.986328,1
-34.807743,11.647008,1
-1.6749678,-49.010464,1
-11.053719,16.32504,1
-57.710403,-14.3148775,1
-33.279507,46.279484,1
-41.46764,-40.10849,1
11.287634,-37.0609,1
-12.267776,-37.821297,1
-59.98342,-9.731667,1
-60.95593,0.6124928,1
-5.7328796,-30.687048,1
-58.13673,-0.2598843,1
1.3927068,-56.18269,1
-49.521755,-9.313286,1
-37.42884,36.189022,1
-26.814213,47.087124,1
-7.184878,-6.6704354,1
-19.339024,-29.368517,1
-32.197033,44.739014,1
29.921848,-34.01893,1
-69.70286,19.020473,1
-30.878359,47.15791,1
5.3661222,-23.947445,1
-14.093598,-35.708443,1
-10.708046,60.285686,1
8.907407,-21.486387,1
-6.7663727,-33.322273,1
-58.76317,-17.678516,1
-9.649975,55.51179,1
-0.07475717,-56.777493,1
-28.513222,17.18228,1
-19.880997,21.336706,1
-9.016552,70.810684,1
18.573864,-48.895493,1
-23.357561,27.48454,1
-25.36015,18.531721,1
-20.034569,-18.71407,1
-55.49094,-5.7863097,1
-68.536644,16.51745,1
-46.97458,9.918159,1
-26.997507,-16.977972,1
-43.684193,-41.25553,1
27.865744,-29.933924,1
-39.98,13.607995,1
-5.2506247,-51.646553,1
31.378769,-30.275833,1
-13.941476,-22.44015,1
25.598118,-22.938858,1
-60.719517,22.76501,1
-48.276127,-34.73056,1
20.258419,-48.707363,1
-30.295233,-17.015577,1
12.67118,-35.49612,1
-5.184401,-52.41613,1
-7.251179,-23.954317,1
-3.0919948,-56.800716,1
-45.00898,-34.85762,1
-57.21492,-0.37994337,1
-51.06902,-17.228642,1
-49.85816,-15.614695,1
28.539022,-39.377872,1
10.459257,-26.266636,1
-61.503407,22.53654,1
33.662567,-32.60378,1
31.67653,-32.32513,1
31.972494,-40.243023,1
53.986183,-9.855911,1
-22.744522,-16.274971,1
-6.634854,-51.051174,1
36.439816,-27.640352,1
19.70533,-29.716078,1
-15.809669,-26.48603,1
12.136459,3.1475072,1
-56.47758,-19.253956,1
-68.86773,18.704441,1
-5.0632114,-25.282215,1
-45.106186,-38.88966,1
5.838047,-22.707132,1
-47.678658,-17.490177,1
-24.609364,33.947803,1
-59.738277,0.5928291,1
29.846209,-42.73798,1
-11.222727,-58.282505,1
-23.934813,10.666573,1
-26.247652,-23.412893,1
4.3127255,-55.46155,1
-28.517189,46.376213,1
-5.756732,-31.30754,1
-44.58927,-34.04168,1
-42.54984,-39.512306,1
33.121933,-22.953934,1
-23.038794,-20.733261,1
-70.01338,16.771572,1
-3.4802148,-47.437378,1
-8.190579,-52.91984,1
38.945854,-16.494373,1
-66.60987,18.128231,1
11.986144,1.9641142,1
-63.611374,17.757006,1
-5.3645444,-15.229533,1
-4.845402,-27.839912,1
23.264704,-30.84541,1
-47.833023,-16.778605,1
4.4495344,-25.584673,1
-14.15775,-45.524853,1
-62.38089,18.578943,1
-67.19783,7.0835114,1
-19.444319,-21.133125,1
37.706238,-29.917198,1
-48.707848,-5.815825,1
-9.878639,70.97371,1
-68.316895,14.102814,1
-45.184204,-39.57694,1
-32.145885,46.270115,1
-27.870916,45.157604,1
-11.742353,59.36522,1
-34.16764,35.54119,1
-4.4915104,-56.124683,1
-10.266709,-56.358303,1
-33.081223,44.425533,1
8.258731,-47.83597,1
-12.707933,-56.625103,1
12.92461,-30.103994,1
20.425642,-29.977547,1
-47.854637,-8.81998,1
-49.74648,-17.931953,1
-14.100709,-58.272274,1
19.79359,-43.003014,1
-24.466442,12.774032,1
-66.079834,17.312098,2
9.085518,-49.60493,2
-40.569756,11.46453,2
-1.7713058,-5.454012,2
-67.795334,11.330523,2
20.19421,-34.419624,2
-19.031855,19.312307,2
-54.859707,14.254989,2
-37.842907,13.571969,2
-1.7884238,-49.31737,2
-59.687332,22.11448,2
-66.099335,15.199015,2
20.648186,-43.582596,2
-29.625814,11.244095,2
-52.67182,-5.1033893,2
-12.257146,-25.562157,2
-59.452293,-15.746657,2
-32.771454,44.050846,2
-21.91715,22.1129,2
19.946417,-44.112556,2
-14.859754,-56.20441,2
42.2303,-0.86519533,2
8.61068,-24.833809,2
-65.170204,17.124918,2
-28.094515,46.206898,2
-28.810757,13.000649,2
5.467263,-22.76497,2
-7.6058702,-31.07338,2
-11.474524,12.992445,2
-5.7095895,-5.4296784,2
-8.836925,57.984085,2
11.95235,-24.947462,2
15.022875,-33.19354,2
15.553997,-49.737007,2
0.5469115,-26.44508,2
15.692793,-50.70537,2
-69.9681,17.963837,2
-0.80651027,-31.722729,2
-54.215122,-17.874022,2
29.791359,-35.861366,2
-25.010908,47.752613,2
-8.758857,-20.458986,2
21.308054,-36.70929,2
-35.924637,35.935905,2
-20.039772,-23.786764,2
-59.32701,15.13839,2
-41.5602,-41.23123,2
-49.344246,18.96953,2
-45.564716,-16.611351,2
18.287306,-49.708584,2
25.417292,-33.18119,2
14.039975,-31.506037,2
27.984543,-34.32324,2
14.6762905,-51.94411,2
23.99603,-31.870134,2
-13.7710705,48.00841,2
33.024773,-39.98435,2
-13.994133,-57.09904,2
-27.26392,17.016563,2
-27.917955,40.784634,2
-15.953204,50.159138,2
-39.88848,-37.08722,2
29.63311,-34.685017,2
-41.936863,15.091363,2
6.9489274,24.93752,2
21.615232,-38.290833,2
-67.520836,5.554216,2
-21.492374,25.274292,2
0.869462,-34.133514,2
-59.909676,1.3975319,2
-65.17835,17.804285,2
-48.83632,18.2636,2
-17.494131,-32.986404,2
-1.2300742,68.44457,2
-19.503214,55.395584,2
17.973305,-22.67311,2
-6.6934967,-30.661852,2
9.055604,-45.73734,2
-23.741907,23.212122,2
-4.9597774,-56.95999,2
-38.226727,31.14147,2
-2.798529,69.047646,2
-3.354082,-55.77816,2
-9.125773,58.773064,2
-25.389164,13.980534,2
-19.5158,37.423683,2
-38.956482,38.753983,2
-27.061659,17.359222,2
-67.89263,14.777745,2
-23.31045,20.843243,2
-41.712917,-37.49632,2
-66.81977,-0.841846,2
-6.796482,58.354744,2
-35.06777,33.660313,2
-65.09312,0.6283411,2
-67.09796,20.748388,2
-54.332504,-22.348637,2
8.55657,-25.492785,2
-8.256246,-50.988014,2
-20.584833,-21.909874,2
-1.7090713,-12.639902,2
10.161658,-37.063023,2
19.461847,-41.726387,2
10.860296,-48.372543,2
-50.511047,-16.914474,2
13.995933,-27.503513,2
-0.44467914,-55.30264,2
-67.65259,12.954006,2
33.06809,-21.634834,2
-43.961052,-34.81353,2
-21.967974,49.706184,2
19.044552,-23.420721,2
3.80814,-24.571577,2
-68.871155,11.885296,2
-32.986393,12.482668,2
-24.938868,32.778763,2
-9.039753,-56.271698,2
24.698364,-37.419266,2
-64.03143,22.016077,2
-64.26491,4.118309,2
-16.832308,-29.017363,2
-7.297679,-52.05026,2
-66.857056,3.4170723,2
23.726604,-39.29114,2
-65.408844,-2.198656,2
15.62401,-51.560345,2
-11.433163,17.06582,2
-33.8897,16.720758,2
-27.258434,30.826118,2
-50.23828,-8.010685,2
-4.9869914,68.72615,2
11.6861925,-24.925133,2
0.6147637,-55.160423,2
-27.933542,11.725801,2
-18.880964,19.128944,2
-69.5252,16.373648,2
-2.0079017,-56.528408,2
21.0664,-47.425526,2
-58.32247,14.111211,2
20.15461,-47.795895,2
4.0454335,-25.339283,2
-66.89606,14.638105,2
-65.436226,20.200785,2
-4.516312,-32.81383,2
-68.903786,15.491099,2
-15.692216,-31.827137,2
-10.71016,12.977474,2
13.8095665,-25.662354,2
-7.373234,-33.923897,2
-8.001644,69.15427,2
35.57092,-36.09837,2
-37.909653,15.297767,2
-36.56389,-38.507042,2
-44.89224,-26.02773,2
-44.80949,17.701399,2
14.679395,-30.69947,2
10.434284,-50.859272,2
12.755218,-37.831387,2
-14.144424,6.174976,2
-11.390196,67.17755,2
15.409507,-31.814703,2
11.199471,-50.163692,2
14.724154,-35.068672,2
29.104927,-35.511433,2
21.34639,-41.089687,2
-5.966126,-56.076946,2
16.766685,-31.12986,2
-23.08304,11.3695965,2
-65.078865,2.0085335,2
2.3385112,-24.11345,2
-16.906984,51.465317,2
-13.341247,48.73294,2
13.051697,-50.306538,2
-7.823229,-29.272976,2
24.164032,-38.295444,2
-66.67182,1.6353594,2
-23.211836,48.251724,2
-7.943303,-51.92453,2
-10.207401,1.9053053,2
-13.114933,9.234652,2
-6.687321,-29.032293,2
-42.999302,15.801125,2
-66.69476,4.556735,2
-26.702862,16.231642,2
-27.83576,31.242622,2
-4.4130607,-31.9919,2
-0.24755079,-54.09048,2
-37.14088,18.993366,2
-65.73526,1.5655749,2
-64.51751,18.208813,2
-53.499405,-18.049185,2
-46.577324,18.34864,2
4.486664,-27.515419,2
-16.970806,-30.944815,2
-17.040277,47.480427,2
15.213329,-48.536755,2
8.096912,26.70695,2
-11.374803,65.07195,2
-22.241701,26.38415,2
-36.168983,35.10181,2
-24.355629,32.074596,2
18.483114,-47.617752,2
-40.5424,11.589955,2
-65.58859,4.326808,2
-23.278294,25.637794,2
37.28278,-28.617634,2
-39.062706,14.9152565,2
-54.95927,-14.474729,2
-11.836768,60.708927,2
-43.23972,-35.46713,2
-58.965446,-15.539794,2
12.019859,-38.03312,2
-46.66853,-2.5823438,2
-57.080704,-4.458019,2
-35.707027,37.96512,2
-27.215881,-15.518376,2
-54.350834,-7.220589,2
-54.63059,-21.72233,2
-66.77293,16.390287,2
-64.46973,8.694829,2
-5.1172514,-34.746998,2
11.891122,-50.871624,2
-18.179457,-24.3156,2
16.009792,-48.075806,2
-3.4557571,-58.09667,2
-23.42365,12.580522,2
-10.855511,13.514716,2
-14.893281,-58.12993,2
9.76908,-49.83076,2
-8.71766,-52.29212,2
6.1308293,25.020222,2
-20.870155,21.32257,2
-61.178673,5.375944,2
9.416541,21.928734,2
-69.29975,13.191131,2
29.088018,-32.566124,2
-25.97785,-21.517862,2
-67.42064,15.587307,2
-51.49091,-5.591161,2
-17.169209,-24.533792,2
-22.403479,10.285719,2
0.730643,-30.595388,2
12.8154745,-49.28621,2
14.666707,-29.792004,2
-6.8400292,-53.939934,2
-10.3933525,66.34438,2
-55.297085,2.050184,2
-27.512278,32.030014,2
-21.661528,12.356929,2
-36.43065,14.77725,2
-6.387005,-29.409298,2
-12.743127,49.509514,2
-27.451296,46.967293,2
-67.157036,10.55563,2
-14.953275,-55.141666,2
19.781143,-23.27103,2
-67.9015,20.823349,2
-30.750916,-30.461107,2
28.056097,-21.329372,2
-23.930769,-20.18217,2
-35.91301,34.073456,2
9.80544,23.34487,2
23.424866,-36.920208,2
22.12242,-47.75518,2
-26.894035,31.728674,2
-11.196032,65.6711,2
-69.19719,17.64446,2
-23.998411,16.339676,2
-50.240807,-14.986341,2
14.003252,-51.3171,2
3.996367,-30.308739,2
8.766467,-52.357185,2
-57.77527,-19.935665,2
12.144638,-29.198128,2
-25.21072,50.060272,2
-17.817673,55.58205,2
-26.742296,33.23861,2
-39.574364,-38.4864,2
-27.626131,32.8669,2
-2.6639054,-57.50806,2
13.010186,-36.79849,2
-28.058168,48.330826,2
3.1530957,-22.264648,2
0.7561338,66.01984,2
-21.446997,13.904551,2
-8.156767,-32.413746,2
-20.02217,22.581354,2
-44.06456,-37.260242,2
-10.699648,-16.321175,2
30.591356,-33.64969,2
-23.902163,30.29657,2
-64.68905,19.453144,2
-22.095112,-23.667778,2
-44.479137,-16.738482,2
-57.86233,-4.777261,2
-42.79821,-34.69344,2
-39.713135,14.162491,2
12.566088,-47.730698,2
-24.428593,11.417925,2
25.171186,-21.353296,2
-36.766853,13.886755,2
35.58792,-33.919693,2
8.563305,-49.983738,2
-7.569445,-52.821064,2
-48.79795,-35.212837,2
-4.2488074,-50.39355,2
-25.84094,29.124487,2
-10.351008,58.925064,2
-17.383867,-25.675774,2
3.2715428,-30.114248,2
-11.029401,-21.864372,2
30.256329,-35.099136,2
-19.209858,25.305794,2
-63.98178,7.0793624,2
-7.9760447,66.60239,2
-6.66897,-31.507069,2
-34.35683,45.08255,2
-58.279255,-5.6809773,2
-6.550391,-22.808832,2
-64.26184,16.886892,2
-45.405117,15.990635,2
-4.6272798,-48.071835,2
-16.659866,-32.713264,2
-45.650402,-14.215873,2
-25.756094,30.88257,2
8.882479,24.543266,2
-32.50933,37.25241,2
30.37657,-41.739452,2
-50.296146,-6.465093,2
16.75922,-50.127083,2
-53.005978,-7.1522512,2
26.777624,-32.479202,2
-59.54701,-0.71736115,2
-57.570633,-13.887111,2
8.913832,25.926512,2
-67.84773,17.17236,2
-7.292221,-32.39171,2
13.070238,0.2699442,2
-44.241837,-38.305153,2
32.16429,-39.06637,2
19.242607,-44.86952,2
20.480505,-49.966087,2
-49.178844,-13.243101,2
-1.9531208,69.19549,2
-43.174534,-37.897453,2
8.569379,24.237194,2
-13.200183,-58.971363,2
-45.752655,18.482937,2
-31.350197,42.339348,2
-37.57429,12.659982,2
20.431808,-34.918472,2
20.649395,-42.006218,2
-45.848324,-17.329426,2
-4.2482476,-12.730522,2
10.046332,20.5711,2
-38.175835,12.309043,2
-38.463493,17.678925,2
-35.029293,13.126238,2
-68.62577,6.289033,2
-23.543266,28.83277,2
-8.7354355,-57.224983,2
41.340717,-1.0047423,2
-12.335223,-24.513039,2
-10.61591,67.44254,2
21.013056,-44.86061,2
-25.24693,32.2783,2
11.3889265,-50.90196,2
-29.923376,47.1974,2
-11.941069,13.076956,2
30.804443,-41.47574,2
13.245911,-29.056747,2
32.88066,-37.469383,2
-3.037152,-12.724743,2
-26.381338,9.989151,2
-3.9261851,-46.81665,2
3.7394829,-31.806118,2
-55.28517,-20.377947,2
1.127735,-6.3469567,2
37.84801,-31.536903,2
14.665245,-47.732193,2
-65.792984,0.093423404,2
-36.495934,39.055443,2
24.122473,15.408244,2
-16.339298,-24.082312,2
-37.602352,38.151752,2
-60.53936,6.5411115,2
-58.73859,1.9642649,2
23.526388,-22.062044,2
12.896234,-25.977556,2
-37.997433,-38.528477,2
-11.800645,-16.437107,2
2.304416,-29.755001,2
21.412136,-48.709274,2
-42.131596,-40.692593,2
-6.6302905,69.728455,2
-36.737072,4.655657,2
18.991308,-34.767227,2
31.704428,-41.110996,2
-68.27346,7.3533874,2
-66.44383,-0.22667897,2
-32.032734,3.7685716,2
40.67974,-0.08694943,2
-67.57265,9.469282,2
-59.06426,-16.72721,2
-22.077797,35.10461,2
20.093185,-28.102558,2
-63.892666,2.2281713,2
-10.827314,14.840271,2
-25.74994,46.073246,2
-67.17979,0.14497386,2
-58.950264,13.575209,2
-45.67477,-15.995734,2
4.3899736,-23.734787,2
-8.57971,5.9464855,2
-10.135297,-37.220016,2
-62.97473,1.3583713,2
-48.56939,-16.011763,2
22.8171,-22.60944,2
10.43418,-36.33278,2
-64.1304,19.527887,2
-24.050903,28.28348,2
-25.593378,19.691412,2
11.12955,-43.02472,2
-1.3697526,66.04575,2
-23.754902,-22.4992,2
-36.009205,18.9163,2
-38.09872,19.236622,2
31.185041,-21.900608,2
-36.907032,42.047695,2
-22.084944,26.833956,2
-6.5416408,-32.636757,2
-64.48408,-1.2696986,2
-67.906166,4.4449944,2
-5.620369,-41.226322,2
10.102943,-35.970425,2
-27.758116,-22.690533,2
12.039145,-49.528534,2
-24.267672,48.2187,2
-26.251335,-16.628023,2
-8.17343,67.23327,2
-16.790266,-23.453707,2
32.2304,-41.94722,2
-23.971708,50.23095,2
21.48052,-30.003405,2
-12.232693,64.64235,2
-19.173481,-33.61874,2
-47.09229,-16.856346,2
-12.409368,-57.19111,2
-3.8474817,-56.4597,2
-9.873059,65.44362,2
-58.6906,-18.798193,2
-22.390865,12.794214,2
-1.7895744,-29.007442,2
-5.275041,-50.628613,2
18.66658,-31.330818,2
16.271881,-49.078197,2
-17.387753,-16.36403,2
18.789297,-22.69027,2
26.337976,-20.744526,2
22.937334,-37.30282,2
21.566376,8.695687,3
18.329588,22.869766,3
-0.49020717,-12.764577,3
-23.51754,41.342995,3
44.932297,27.934072,3
-1.5596753,-6.253658,3
-39.379894,-31.989538,3
40.156467,25.275114,3
16.747782,-17.539331,3
27.645704,-45.206787,3
26.598158,3.697975,3
17.336006,16.888773,3
12.030958,15.8550005,3
11.223963,15.3988285,3
-30.593185,5.7942944,3
23.240286,5.31527,3
11.338317,23.32877,3
-25.230637,-8.740799,3
-38.12915,-28.870718,3
34.697605,-42.306347,3
-14.249585,-3.0184789,3
-8.064675,7.739176,3
-4.579223,60.96847,3
24.348745,10.238383,3
-4.122849,2.297631,3
-29.32065,-27.884098,3
-23.410936,-5.0873947,3
-8.001336,65.88056,3
-43.78527,29.349102,3
3.0044718,-10.01422,3
23.858093,8.490374,3
16.679873,4.369229,3
-4.561699,-11.813207,3
18.143448,20.24651,3
4.0063143,-9.258932,3
17.215956,-10.1802845,3
-45.394974,30.30147,3
-40.578106,-29.688171,3
-50.58986,9.878383,3
-15.30965,43.60074,3
18.159704,6.1291537,3
-15.290253,47.163754,3
-5.336107,61.865665,3
24.03279,5.2462273,3
15.157434,-5.0561633,3
25.633972,4.4082003,3
-12.53899,6.499847,3
18.505945,-6.5579658,3
-6.4404707,64.73245,3
0.843349,-9.075224,3
38.9379,-34.855724,3
-7.1581197,11.859269,3
8.244664,27.466793,3
24.830164,16.183296,3
-43.332645,23.247341,3
13.742933,-10.84438,3
-3.8012843,-14.262959,3
-18.078775,40.28427,3
9.987462,18.780504,3
-46.029472,2.079932,3
-19.927134,-6.535538,3
41.98819,22.238699,3
33.518394,19.8098,3
43.244877,25.889977,3
44.60296,25.956274,3
-0.9729479,-44.078182,3
-12.293461,-17.222818,3
-4.542228,-6.756616,3
18.424484,3.0170877,3
-50.59693,2.162664,3
-23.967249,-9.549577,3
14.056898,-9.753234,3
-29.575788,-11.362507,3
-37.909245,-37.651222,3
35.06006,23.806038,3
8.560661,22.060919,3
-44.878048,27.772228,3
39.552345,-35.6051,3
-3.0203218,-13.606397,3
-10.633372,5.736478,3
13.992275,-15.605517,3
-25.414791,38.770046,3
-38.35475,-13.654607,3
-8.517872,-17.795877,3
41.969837,25.411121,3
26.848057,19.362497,3
-35.062725,-10.827748,3
-3.2818387,-8.20854,3
1.5799202,-11.858419,3
-2.3381221,63.205254,3
-36.321846,-1.2498168,3
-4.060796,-25.90957,3
-41.463223,25.42192,3
-38.453354,27.369379,3
41.918915,23.946125,3
18.248121,12.635899,3
-0.25776374,60.537796,3
35.40405,16.639034,3
-6.640932,10.243489,3
18.561337,4.0294695,3
-2.35613,-27.840128,3
18.07091,4.286368,3
23.920727,6.5811872,3
8.9726,18.879139,3
27.50362,-39.80348,3
-18.771496,-4.595004,3
1.053609,-7.226856,3
4.0369897,-4.1436243,3
19.891596,-18.173447,3
31.61649,-44.02288,3
-21.692709,34.40843,3
-19.500772,49.824093,3
-12.89772,55.692734,3
34.49625,-38.365337,3
-5.6597104,-6.4498386,3
-29.922762,-27.999596,3
-13.4175415,49.732273,3
-22.115612,39.21124,3
36.84502,-34.35904,3
-33.846474,-14.738268,3
-5.4893613,66.50521,3
-9.186479,10.960238,3
-9.090631,0.25674978,3
41.821365,4.202606,3
1.3373601,11.722899,3
-18.762491,-11.373249,3
28.5446,11.071376,3
21.755844,20.997515,3
35.29702,-40.842087,3
39.995014,23.757313,3
37.614403,22.136845,3
34.402836,-41.64098,3
35.443462,-39.52071,3
-40.333344,25.047869,3
-18.0365,50.811676,3
-14.342184,2.4864588,3
-40.270405,-12.391445,3
19.311674,10.6486025,3
-41.027958,-36.51156,3
-38.634434,-23.064314,3
-27.52402,7.4910474,3
-23.233229,-4.367246,3
25.561687,9.783176,3
-21.392857,41.043983,3
12.00248,20.430151,3
28.305008,-45.119823,3
-46.69665,-8.514164,3
32.119236,15.463847,3
15.299313,-12.052761,3
29.12892,-46.34161,3
-9.718857,-41.150707,3
21.186827,8.109751,3
39.496616,-33.966076,3
-53.44303,10.025901,3
-39.407207,-27.632647,3
34.38031,18.144445,3
26.19502,19.167439,3
3.7616544,10.195346,3
-46.19238,-5.546913,3
12.528769,22.149683,3
21.276844,-17.515722,3
42.32745,26.608438,3
20.653645,20.6225,3
18.019157,21.046244,3
2.9234855,-2.3060436,3
-32.407467,-17.229767,3
30.44912,6.8580375,3
-7.3594356,66.85895,3
11.068328,19.912224,3
-41.099945,-10.51873,3
24.799232,6.695673,3
-23.972603,-7.983533,3
-7.2380924,-42.75232,3
-43.946564,34.24557,3
23.480747,-21.39428,3
-54.218784,-11.907383,3
-8.559401,67.965805,3
-10.012754,-43.2101,3
28.41035,5.617712,3
-5.678855,67.87578,3
-31.39471,-26.876486,3
-32.643692,-31.905363,3
-22.18766,39.882885,3
0.19933553,64.32063,3
-35.42847,-19.40203,3
-0.16864045,62.967148,3
33.073,20.359228,3
-40.28366,-32.242504,3
38.396557,22.191599,3
-27.12779,-28.592474,3
-0.09074075,65.013306,3
33.150864,12.627925,3
19.272999,10.241196,3
20.921398,9.845032,3
13.865079,-4.1024237,3
18.020748,11.466139,3
-6.4908576,65.910065,3
-38.286358,28.658548,3
15.774408,2.0745015,3
20.110573,11.443604,3
13.860783,-4.69654,3
19.141869,-7.277372,3
-5.032882,-41.48022,3
25.64129,7.7917843,3
-7.8003263,-12.496474,3
-0.8183626,64.64732,3
13.311365,-16.153875,3
34.59858,15.734659,3
18.086687,18.916143,3
-1.8986939,61.852196,3
-14.417105,6.9768353,3
26.685707,3.0168264,3
38.516273,-0.11512177,3
34.06455,19.061516,3
16.659073,-11.125529,3
15.534467,-30.005123,3
35.031242,17.02306,3
-7.9127445,4.094561,3
-18.979675,-10.222913,3
33.84308,21.21182,3
-29.090895,9.794881,3
22.351505,7.5314627,3
25.164642,7.6721425,3
0.11054755,11.066411,3
33.738777,11.368527,3
-34.912174,-20.719004,3
-43.97753,-10.106676,3
-32.281227,-2.2698538,3
20.723438,6.170348,3
33.81306,12.994964,3
31.53835,9.082597,3
17.64655,3.495693,3
-0.5851447,64.11871,3
35.696365,22.809544,3
-6.003725,10.04148,3
42.63451,24.152542,3
15.342117,-44.929466,3
36.108345,21.457472,3
13.25009,22.899948,3
-0.80400944,10.630395,3
25.484303,6.2107263,3
16.915213,-26.395409,3
3.0153263,-12.234271,3
-29.808455,-29.047762,3
-11.0505085,7.308653,3
16.323591,-10.950504,3
8.112529,23.025194,3
14.3927145,11.697056,3
3.4433577,-7.5421815,3
-20.465956,-9.6892605,3
34.66625,19.788025,3
-23.482332,-7.3829026,3
-14.88307,43.243526,3
-66.23918,-1.9080282,3
-8.531409,59.476254,3
-25.579006,52.920288,3
4.57021,10.761011,3
6.333872,12.022662,3
-39.388184,-14.325325,3
-14.751893,54.09492,3
33.436493,15.819987,3
-2.037558,61.115578,3
-58.540462,-10.838776,3
7.148612,23.5525,3
33.587543,24.303595,3
16.194435,14.926072,3
36.11114,-41.121223,3
3.9244707,-4.706381,3
-5.744122,-26.314337,3
-19.543707,-12.24915,3
4.897365,-8.956954,3
-2.636809,-14.744701,3
22.845715,13.422744,3
31.495796,18.00534,3
-35.10888,-15.687033,3
-42.065777,-10.536124,3
43.47773,26.985645,3
19.508713,-6.272594,3
0.27569073,-8.129782,3
-12.376982,62.07475,3
-40.477257,-14.016035,3
-38.360893,28.826118,3
-46.17775,29.367096,3
3.814041,-10.273671,3
-35.179817,-21.202168,3
-1.1699023,63.747482,3
-16.877356,49.68368,3
-4.0481954,2.2685418,3
36.724415,22.345407,3
2.8855655,-9.123894,3
-24.139065,-7.2263546,3
19.617361,-50.077637,3
9.139505,17.23711,3
32.87935,13.351279,3
13.577011,12.741127,3
37.82782,21.032082,3
20.860706,-18.302435,3
46.149254,27.64995,3
20.73611,12.093669,3
20.699766,8.375178,3
-39.19839,4.2287574,3
-0.8299773,62.224773,3
15.864098,9.605574,3
35.266815,22.198645,3
26.856619,19.733309,3
34.6821,11.075464,3
16.462,12.638102,3
41.427094,24.231989,3
24.459675,16.555101,3
-4.151739,-40.718678,3
17.964384,-8.011774,3
-46.21162,5.5943513,3
-0.26813978,65.809166,3
-15.825152,52.109386,3
-10.590982,64.83075,3
-23.228943,-9.087101,3
-8.229163,0.8500702,3
41.243923,21.823524,3
20.764582,16.970781,3
-7.7830114,8.059565,3
13.7034235,-11.678997,3
1.7897538,-7.9249444,3
20.460651,12.791642,3
15.948905,19.223595,3
0.2066385,67.09196,3
-42.189445,24.425165,3
4.8679924,-45.637405,3
27.623228,4.24722,3
25.561914,19.956484,3
-25.698605,-4.0039225,3
33.607895,-42.10613,3
42.588604,23.09835,3
-38.69075,-14.472858,3
46.564766,27.212578,3
15.110662,16.200424,3
17.407003,-4.457616,3
-17.096212,46.445053,3
20.660246,5.073288,3
0.5711526,11.986201,3
13.532342,20.505283,3
-3.7342274,-7.7648573,3
40.007675,-33.34427,3
-34.09574,-15.844649,3
-30.016003,5.7615705,3
-34.881596,1.2315819,3
11.4391,21.931479,3
32.743828,-43.06483,3
8.264348,17.430233,3
41.035633,20.971956,3
-2.4819765,-8.387794,3
15.592277,-11.332001,3
-29.678617,-32.351837,3
-27.396046,42.779633,3
-3.1712058,-39.901173,3
-1.3180999,62.925644,3
19.854137,18.41175,3
-15.885247,49.413532,3
18.90684,-5.479214,3
-26.43794,-28.329384,3
-18.02389,38.862328,3
-16.703474,58.03181,3
44.19467,26.62835,3
14.085579,10.731905,3
4.052424,8.770579,3
18.45157,-5.7905173,3
-19.751534,-4.0701027,3
-49.606056,1.6329585,3
-21.916784,42.876343,3
-29.025375,5.2885246,3
-3.3302703,10.606631,3
-47.226807,-7.8630705,3
-34.183342,2.0310879,3
-12.933162,2.5933802,3
-28.355247,51.641987,3
-32.17202,-26.71999,3
32.31282,12.833083,3
17.152514,2.5640135,3
-15.501532,47.455452,3
15.775629,22.085255,3
32.638798,16.722414,3
19.616825,20.954588,3
-51.654312,0.57443804,3
-1.0608472,-7.4724154,3
16.474213,22.49475,3
-2.5527554,12.862177,3
16.884016,18.659206,3
-2.470403,-5.1455555,3
-0.72006625,-15.006371,3
-4.458653,-10.095736,3
-0.12662978,11.81753,3
12.247819,21.584555,3
11.16215,12.03965,3
-38.354843,2.770443,3
29.605417,6.327105,3
31.186554,12.181714,3
-1.6381633,-8.019413,3
13.5961275,13.955465,3
39.07224,-0.27555594,3
-12.107698,-47.25686,3
2.3308158,10.876896,3
1.1154506,64.38435,3
37.44733,23.172287,3
28.549898,-47.28249,3
40.5845,22.780634,3
-10.343276,1.5381895,3
34.387554,21.980764,3
-33.58922,47.972977,3
-4.258495,61.635456,3
34.286003,23.679216,3
-50.27165,-3.2858386,3
6.50827,12.31096,3
21.639091,9.865154,3
-32.64246,-3.3444016,3
8.822293,20.550653,3
-0.049551982,-4.756458,3
11.597165,17.516384,3
-38.568424,-22.79979,3
16.494257,19.848509,3
-12.07703,63.42589,3
-8.048849,13.114508,3
-6.158245,59.81835,3
-0.77214676,67.1954,3
33.87629,-21.237173,3
-32.968575,-13.322705,3
22.61914,17.200985,3
-8.534744,11.533872,3
-17.810007,-11.206743,3
9.096447,19.523994,3
-16.636423,57.056572,3
33.167587,17.411064,3
-48.636475,12.355177,3
-5.8301983,63.737743,3
3.8685946,-46.02666,3
-4.310812,62.72933,3
7.615295,16.162067,3
-37.1305,-16.197176,3
-12.043972,2.56492,3
-13.213992,9.734376,3
-1.3518133,65.01073,3
-35.930054,-8.686826,3
41.994858,21.750984,3
13.240721,10.609412,3
17.652487,19.459482,3
-13.218168,55.08825,3
-15.077254,-2.2508473,3
16.055466,21.008106,3
-18.857565,39.02853,3
-1.652257,-15.689048,3
33.939316,20.350542,3
-32.232677,-32.46526,3
-11.410759,7.982385,3
13.565399,10.512515,3
44.910286,26.895649,3
14.629692,-16.135052,3
-26.00234,42.200123,3
2.6226492,-4.283223,3
-38.575954,1.4650974,3
36.451225,23.67811,3
3.5170486,-45.46007,3
-27.711876,8.208109,3
-20.767736,54.235367,4
-33.883636,-24.359196,4
-41.332027,3.9597747,4
-36.307423,-15.858589,4
-13.060193,-40.6941,4
-11.895155,-39.961372,4
-23.267841,46.56351,4
-32.022984,-34.935818,4
-32.006634,35.446857,4
17.241276,-11.98688,4
30.983122,-43.828007,4
-39.620853,-30.253723,4
17.50781,-21.979145,4
-3.292587,-16.535007,4
-19.106262,-10.723816,4
-39.22632,-34.649555,4
-17.513073,56.715084,4
-38.8048,-36.804585,4
-22.51429,54.39695,4
-59.97176,-11.342589,4
-62.390873,-9.189786,4
25.370708,-46.813934,4
-54.864994,6.475279,4
-11.491838,-41.432823,4
-4.456892,69.64427,4
33.014645,11.83399,4
-5.307356,-22.026949,4
-36.41226,-11.529643,4
-49.01958,-0.6358927,4
-18.841099,-18.340025,4
-53.031586,5.6794276,4
-55.308468,-19.691055,4
-38.70914,24.562664,4
-50.11625,8.471896,4
-52.111423,9.276361,4
-65.384766,11.702482,4
32.848232,-33.495567,4
-44.04884,-26.165365,4
-18.815235,52.15514,4
-41.300625,30.249674,4
-10.714998,8.07356,4
-8.23043,-47.935684,4
-2.6527796,-46.22976,4
-8.162335,-44.348774,4
-39.658607,27.885681,4
-21.942621,53.172188,4
-41.2627,-9.578672,4
29.871645,-43.948,4
-38.91051,-16.02265,4
-33.514984,-32.253635,4
-61.99707,19.777298,4
-20.80793,37.2768,4
-50.72989,6.7796736,4
-39.330933,-40.174625,4
-58.69467,8.24738,4
-52.19859,10.616331,4
-36.350773,0.8092988,4
-26.805267,-17.38366,4
-45.08977,31.770815,4
-6.4811816,11.1196,4
-5.388885,69.79144,4
9.476384,-48.750603,4
-22.962254,54.95811,4
-52.871765,5.0546317,4
-10.311288,2.8907344,4
-56.729137,5.097505,4
-37.684566,0.48075804,4
-47.348164,-36.263943,4
38.553215,-34.16437,4
-33.86991,43.591457,4
-10.775593,-45.45369,4
-11.666616,-20.923794,4
-35.315987,-10.596632,4
-0.7245856,-8.997261,4
-10.577864,-55.16937,4
-35.251575,-1.2480235,4
-50.020145,11.37558,4
-8.93183,2.967996,4
-18.40659,54.24135,4
-7.8701987,-11.634204,4
13.39939,13.964941,4
-8.792263,-44.459583,4
-31.782265,-2.5935814,4
-9.916597,-44.061554,4
-38.304558,37.55671,4
-40.969177,28.867605,4
-2.3020537,10.016151,4
-12.710162,-36.842304,4
-7.7168794,11.627195,4
-52.447746,8.095106,4
-5.26454,-11.581568,4
-62.47273,23.451654,4
-24.641005,53.944218,4
-55.236515,-18.034214,4
-44.891857,-7.3555136,4
10.464138,16.49975,4
-23.977116,45.980515,4
-40.90821,31.508131,4
-51.873207,-16.773407,4
-56.15636,-11.356181,4
22.194054,5.693117,4
-45.529465,-0.80844045,4
-49.168438,7.4619823,4
-63.564777,3.202107,4
-50.84151,-20.162918,4
-39.54966,3.776251,4
-47.18855,3.7654998,4
-44.624943,-28.343714,4
13.214168,-15.956381,4
-3.7228298,68.99567,4
-35.35742,-36.382717,4
-57.311714,19.741573,4
-38.08013,-21.969738,4
-35.253544,39.130962,4
-18.127903,-9.842971,4
15.358868,-9.667882,4
-28.13485,-13.324684,4
-27.597473,-30.581736,4
-52.755306,-0.2912449,4
-65.29663,10.925265,4
-45.25841,-32.44567,4
-29.798443,-30.50024,4
-4.6148825,-16.039217,4
-64.94075,12.138679,4
-21.973644,38.255806,4
21.40465,-43.838707,4
-32.797207,-16.70405,4
-61.30162,-8.777076,4
-44.119457,4.1130943,4
26.209892,-46.416306,4
30.552103,-43.30588,4
-27.510063,44.006344,4
-50.116497,1.1776755,4
-45.588356,-7.9192634,4
-50.72272,-20.086733,4
-37.689747,1.6641483,4
-40.774548,29.730583,4
-13.807144,55.25573,4
-6.1343427,-43.768993,4
-12.124142,-2.419241,4
-65.753334,16.287355,4
-22.735115,-7.7354994,4
29.070063,-43.722897,4
-6.306313,67.05827,4
-27.999731,51.79837,4
-41.577957,-26.373507,4
-32.7511,1.773441,4
-21.357025,-2.2329333,4
-48.22309,14.353679,4
-43.797413,23.2449,4
-20.154734,53.584568,4
-37.52803,42.627754,4
-30.90994,-31.789814,4
-65.77867,3.4306073,4
-30.821144,-12.8676605,4
-17.059332,44.33312,4
-11.395155,-0.21800739,4
-5.717995,-46.997017,4
-44.45254,25.54845,4
-46.873474,5.2028704,4
-21.73057,35.83906,4
-43.64827,11.490567,4
-0.17074908,-51.340935,4
-20.733765,45.455017,4
-39.697857,-29.185875,4
-62.34917,-7.7211432,4
-51.528893,-9.884164,4
-57.26579,5.7373056,4
-49.91517,5.532484,4
-24.056591,51.72758,4
-9.64082,-2.3474338,4
-48.358814,-5.162132,4
-28.713963,-18.254753,4
-39.17643,37.72627,4
-44.800987,32.255325,4
-32.201344,4.069886,4
-22.061512,55.014698,4
-5.324151,3.925356,4
-41.370426,29.500847,4
-38.952442,-12.949668,4
-49.21203,16.961153,4
-37.018517,33.596848,4
-22.602268,37.55656,4
-4.929408,-47.26596,4
-18.426731,47.785698,4
-40.51984,24.322197,4
-28.783604,42.697163,4
-22.24363,42.217613,4
-58.21024,17.450731,4
-6.8219905,68.105446,4
-64.79261,3.397627,4
-53.639824,-16.86715,4
-45.076855,-10.040105,4
-37.515125,-12.605104,4
-40.35703,15.561548,4
-48.9283,-8.580075,4
-34.462845,-19.01253,4
-56.69207,18.602695,4
-56.84781,4.5394163,4
-36.80612,-18.749771,4
-61.513817,-9.6845,4
-9.384971,-35.259422,4
-3.1515005,-3.2445996,4
-43.22304,28.489462,4
12.205349,-43.967957,4
-56.78675,-17.444775,4
-53.588783,11.027452,4
-67.272385,21.53062,4
-56.601524,6.8464646,4
-63.14505,3.676668,4
-36.81177,-36.70491,4
-16.336643,53.151318,4
-20.65063,50.73589,4
-47.636757,2.249659,4
-29.36771,-17.487896,4
-38.37345,23.134985,4
-40.48865,-38.049664,4
-4.6029882,-14.144365,4
-9.792141,67.247475,4
-58.65721,16.168367,4
-33.523605,-25.058771,4
-58.735104,17.573172,4
17.321018,-46.588596,4
-5.952997,-13.602367,4
-44.93973,23.482471,4
-4.5626726,-42.355625,4
12.719041,-15.627231,4
-12.128094,65.97949,4
-17.487356,48.89123,4
-28.885689,-15.633488,4
-33.223545,-33.448647,4
17.179579,-23.710691,4
-46.240547,10.910224,4
-39.707623,33.475803,4
-32.818203,49.09979,4
-29.021048,-29.559511,4
10.239666,-47.08393,4
-34.01257,46.342117,4
-40.46689,16.215229,4
-49.790848,3.737191,4
-12.255145,-41.704327,4
13.311709,-14.070037,4
22.314608,-49.701496,4
-10.708519,5.6925626,4
-41.461006,-28.962494,4
-14.2713375,-40.218925,4
-59.252804,8.079815,4
-37.687576,-14.820813,4
-61.28015,19.764975,4
-2.4604976,11.225512,4
-45.718487,3.8027256,4
-18.849842,56.045864,4
-14.560425,-2.6136224,4
-19.295958,38.625633,4
-42.226913,28.450636,4
-60.436577,-17.072529,4
-22.308182,40.81163,4
-42.246387,-11.113468,4
-35.575546,13.070591,4
-38.775955,-27.910355,4
-19.4849,54.62927,4
-3.1083877,-44.655056,4
-40.103333,34.750084,4
-31.7677,-13.109213,4
-11.579091,66.41018,4
-7.9612594,4.689182,4
-30.190338,-15.745382,4
2.9394057,-53.91969,4
-23.19882,44.412247,4
-31.602982,-30.60076,4
-41.072113,-28.386532,4
-9.140235,7.5816545,4
-27.477535,41.582638,4
-60.228943,19.89797,4
-34.931644,-16.47883,4
28.297956,-46.318783,4
-47.526974,-9.740809,4
-65.6173,5.5393653,4
-13.804277,5.2547665,4
-8.061842,10.94246,4
-43.324272,-10.696892,4
-28.34525,-17.813885,4
-23.177574,51.109074,4
-9.174897,66.07229,4
-54.061497,-15.611847,4
-28.177412,-28.299797,4
-31.023943,-28.4007,4
-33.086773,36.12155,4
-49.742798,16.823252,4
-41.372105,24.136738,4
-29.187729,-12.22103,4
-9.889072,-42.210754,4
-43.530098,35.606525,4
-8.349105,-16.597435,4
32.83095,-40.845474,4
-23.890852,33.85167,4
10.393111,20.021738,4
18.84019,-8.143127,4
-19.299957,-4.236748,4
-40.56358,-27.188381,4
-49.69311,-5.4928427,4
-4.7544985,-40.06088,4
-57.84046,7.163891,4
-29.205338,-14.251823,4
-36.368256,-23.09877,4
-2.855815,-42.852863,4
-21.604666,53.47032,4
-52.456177,6.6424637,4
-32.470284,-34.65777,4
-37.572098,41.20248,4
-27.128654,-22.857182,4
-48.60605,11.545272,4
-41.851162,3.248304,4
-18.644419,-16.513693,4
-17.896208,-16.321331,4
-17.958765,54.009296,4
-16.267506,48.95201,4
-9.186389,-47.761497,4
4.0097837,-12.873043,4
-38.783634,-27.090406,4
-58.87624,20.955462,4
2.5176218,-45.490597,4
-50.99431,6.111689,4
-50.463673,12.939993,4
-36.770416,-28.566381,4
-16.22523,-33.603157,4
-21.065718,-4.6855054,4
-9.021474,66.87227,4
-21.133554,52.002117,4
-24.041819,-4.3018055,4
-36.282913,-14.733001,4
-33.51066,11.155331,4
-36.004158,-9.343655,4
-54.234158,14.866313,4
-6.483852,-48.661343,4
-29.943884,-15.027386,4
-32.862877,37.982468,4
-24.29,53.680405,4
-20.456413,40.298214,4
25.105013,11.682649,4
-44.962353,3.0130994,4
25.918922,-46.954906,4
-50.208057,16.553396,4
-6.859108,68.826546,4
-13.56218,-37.305237,4
-21.909971,52.265602,4
-55.69231,-16.988415,4
-52.473305,9.823725,4
-1.2190582,-45.485634,4
-39.938927,-28.543375,4
-8.208244,-47.241337,4
-25.230951,-9.536627,4
-2.3123612,-13.77947,4
-29.688448,42.9538,4
-44.100662,5.6465096,4
-7.710379,67.840034,4
-28.698246,6.3356013,4
-24.699512,38.86444,4
-20.724173,20.266489,4
-43.455456,25.744219,4
-14.801761,-3.8698046,4
-56.845924,-12.303146,4
-32.244385,-33.500095,4
-58.6225,-9.279284,4
-44.11671,-30.191685,4
-55.637085,-22.415215,4
-39.270393,35.05541,4
-51.534245,4.532223,4
-21.59798,-16.824808,4
-39.670258,25.569504,4
-61.854614,-7.9228663,4
-32.541275,-4.1473536,4
-19.458616,-6.1405635,4
-55.423534,5.992208,4
0.5884809,-42.26359,4
-40.42389,-36.26108,4
-24.975187,52.37173,4
-57.331295,12.944195,4
-32.955772,-3.5903385,4
-10.066303,57.793133,4
0.3274447,-5.381556,4
-39.9987,30.325249,4
-57.744667,-15.389973,4
-11.716676,-44.94222,4
-15.616153,-4.4712553,4
-15.760742,-19.021088,4
-24.73227,45.758137,4
-43.280888,-27.255762,4
-1.7988621,12.216724,4
-66.19341,22.542133,4
-44.575478,12.148351,4
-37.217636,2.1425138,4
-19.659653,-16.642134,4
-36.650127,-14.03102,4
-0.4582575,-51.518448,4
-20.211758,38.849037,4
-6.19159,68.557686,4
-36.833668,1.0357836,4
-3.7448165,-44.94291,4
12.583257,-44.421482,4
-32.964252,47.88917,4
-29.940947,43.818413,4
-12.123197,-22.489,4
-59.215824,-10.532062,4
-45.441616,11.877195,4
-29.738722,5.079025,4
-32.689552,-14.0174265,4
17.311869,10.397392,4
-4.892058,-26.112661,4
-57.593285,17.151188,4
-40.76067,26.020313,4
14.854043,-45.017128,4
-31.194696,-14.728483,4
-41.78731,-33.4039,4
-60.474537,-16.026684,4
-20.583199,-4.6690907,4
-32.302864,-16.033573,4
-43.841602,-29.184553,4
-18.573635,-20.301212,4
-1.3365362,-43.153698,4
-43.472576,34.931286,4
-9.583491,-19.051193,4
-2.3525248,-40.558815,4
-4.69984,-15.056451,4
-49.18817,-0.068636686,4
-36.11595,-19.5197,4
-45.849472,-2.191021,4
-61.318165,8.485573,4
-34.63448,-24.403934,4
-59.05729,19.25316,4
-42.80379,26.268925,4
25.588219,-43.28553,4
-44.627262,33.90134,4
-16.441427,54.262997,4
-11.496335,-42.507343,4
-33.102577,-34.400417,4
-21.954073,21.279211,4
-14.755902,-35.25625,4
-8.523654,-43.272537,4
34.245865,-39.18881,4
-2.368578,-43.812973,4
-40.781216,33.98696,4
-45.427944,-5.240248,4
29.96816,-44.60305,4
-3.7110555,-42.850407,4
-34.465126,38.889362,4
-60.35052,20.675642,4
-40.73357,17.777027,4
-43.32264,4.595031,4
3.2081451,-46.4992,4
-37.255627,-29.328453,4
-57.030243,14.7949,4
-30.300066,-32.23099,4
-11.547528,-43.49516,4
-32.59722,48.664536,4
-31.973473,-25.624863,4
-42.474194,29.021673,4
9.781274,-51.04532,4
-6.693438,60.816265,4
-47.816853,-14.107828,4
