8.685593,61.40893,0
21.570137,39.139824,0
5.4096904,62.53363,0
29.315327,62.5401,0
15.501846,42.150196,0
2.9268844,82.381905,0
0.02833613,79.83656,0
23.001892,48.01876,0
20.968164,16.977135,0
25.05388,41.77139,0
29.013216,58.864376,0
27.472057,56.33562,0
-0.6168815,82.89881,0
-3.151642,81.6441,0
-1.5984627,83.48965,0
4.8458247,76.31077,0
0.90052694,82.606995,0
12.969014,40.593002,0
-1.407555,76.974045,0
26.770317,40.965218,0
32.093525,58.440075,0
2.7765512,64.41326,0
2.7143352,63.45764,0
11.922754,67.12416,0
27.179625,65.475555,0
6.8789616,70.96907,0
25.97358,66.12976,0
22.195206,36.23405,0
14.134645,78.26519,0
20.291418,38.612293,0
31.456541,54.952045,0
27.380867,56.514282,0
6.3570676,50.26973,0
24.588528,45.074627,0
22.193491,38.244198,0
31.256273,64.633286,0
22.426058,54.1683,0
27.549652,22.157318,0
14.244907,55.688053,0
29.07871,49.581818,0
-0.2045233,80.581276,0
5.0935087,77.51784,0
34.787487,62.275482,0
8.22282,49.61126,0
26.790981,58.415314,0
29.347776,65.40018,0
14.299798,42.71628,0
35.340244,62.987648,0
13.250663,76.945496,0
23.25455,35.06106,0
-1.8794175,83.101166,0
-1.5163125,79.46553,0
6.4182677,82.02572,0
11.241195,65.67009,0
22.19064,60.9624,0
17.402538,38.641796,0
29.308554,63.17056,0
28.581163,62.401768,0
14.7044115,55.622868,0
3.4658666,64.47517,0
34.091602,63.737465,0
-0.4751997,84.50793,0
8.20352,58.053036,0
10.686748,84.827614,0
27.658237,47.040813,0
14.650787,63.935326,0
26.717741,47.27218,0
9.873025,67.59104,0
31.386202,55.68651,0
13.865782,79.24086,0
21.055134,37.788113,0
-7.106852,75.76096,0
3.6421251,76.88796,0
1.0927318,79.24466,0
6.72105,67.76634,0
22.421461,39.99331,0
10.314085,53.79845,0
17.166721,67.98552,0
31.662056,60.736984,0
25.972223,64.63753,0
24.14096,18.741507,0
9.689951,61.67527,0
21.568481,54.647026,0
11.538189,51.002056,0
30.46497,45.769016,0
29.145332,66.71868,0
7.189031,79.444176,0
3.6731598,61.635204,0
27.146156,62.113457,0
29.78187,63.349785,0
-0.017730055,82.55071,0
8.198491,67.964935,0
11.46063,59.12759,0
-0.68011665,83.40516,0
9.385894,64.8201,0
2.9512177,86.36686,0
1.1114988,87.27798,0
-1.8151121,77.536934,0
10.781596,84.23317,0
-1.645096,82.35746,0
15.008321,78.020775,0
1.3786614,69.054245,0
23.36243,50.13313,0
5.0251923,49.066994,0
19.434454,46.454487,0
-0.68040186,79.6886,0
9.449454,52.354736,0
3.1558666,85.911385,0
-6.316132,75.92238,0
25.9531,40.40463,0
27.981941,47.458984,0
27.082722,45.964603,0
10.101784,84.496445,0
13.9462,45.33696,0
12.049332,40.39706,0
1.6090437,76.703896,0
14.607387,63.86044,0
4.3256335,61.843445,0
3.9574633,78.58817,0
16.094639,77.33923,0
-0.57492816,81.41316,0
12.230912,46.717552,0
1.5626385,78.232414,0
2.560739,77.18681,0
19.875036,18.321749,0
7.6280866,65.48156,0
29.738256,61.89038,0
16.189375,65.79065,0
19.461613,64.49254,0
36.096172,63.26766,0
9.804881,51.654217,0
25.556683,40.140728,0
32.789867,66.596634,0
11.164171,60.78019,0
13.991552,47.01219,0
28.839012,43.661613,0
14.800248,52.365074,0
25.278555,63.531075,0
33.08753,59.958,0
3.7928436,51.38441,0
3.3674726,50.07869,0
22.04489,56.01233,0
6.862182,71.12342,0
5.022543,79.49169,0
11.81812,66.46042,0
6.7243404,61.09659,0
2.41128,61.645134,0
1.353778,66.71749,0
1.0488877,69.455635,0
26.214853,44.496784,0
19.661777,46.104153,0
11.961833,75.74136,0
24.676598,48.228085,0
25.541609,38.17855,0
27.257483,60.79024,0
17.297354,38.239162,0
22.563387,44.170853,0
2.6852958,78.35259,0
0.63178897,84.8306,0
26.64599,40.954643,0
5.1953764,50.52876,0
2.9037359,65.44631,0
4.996938,75.54086,0
-1.0936694,77.70145,0
-2.4427261,80.356026,0
10.523881,49.71368,0
9.991234,50.86353,0
29.40211,48.57487,0
15.415788,64.60899,0
17.026924,39.78618,0
3.5954936,80.37157,0
21.698105,54.03889,0
31.360842,58.141163,0
12.276305,61.221165,0
1.0387353,67.54845,0
30.57328,64.88324,0
3.315153,78.84548,0
27.546513,41.19855,0
24.120804,43.688816,0
19.963879,18.18789,0
7.523389,65.98922,0
22.72923,45.71545,0
19.602316,40.41843,0
28.08292,43.48909,0
24.652115,57.518738,0
18.302929,50.6516,0
8.616981,49.2318,0
2.4245057,57.965893,0
14.114949,79.27271,0
27.030905,43.083763,0
7.125236,76.33307,0
0.5714251,69.99248,0
-2.3608682,81.00553,0
0.46048656,85.66191,0
3.9994192,79.657104,0
28.514591,59.915134,0
33.192314,64.43994,0
29.298872,61.68744,0
0.59212464,68.19808,0
29.519922,67.3123,0
-0.82593006,75.6975,0
14.618405,45.568043,0
5.766272,80.42041,0
9.287053,61.582783,0
9.738667,67.971565,0
29.957989,43.42357,0
7.770749,65.372185,0
3.8894055,51.508392,0
28.300285,66.1884,0
24.682772,40.440872,0
30.314798,42.27812,0
15.545248,78.17335,0
23.881632,65.42916,0
22.601557,61.55535,0
-8.2218,75.46781,0
32.172318,65.350494,0
14.62675,78.73704,0
32.988613,62.511784,0
20.83266,53.493263,0
24.008287,34.515953,0
26.72622,43.092815,0
19.573206,52.059402,0
35.26166,61.736423,0
9.60317,59.18015,0
19.09537,0.8101418,0
35.807446,62.5314,0
26.435236,45.90893,0
21.526587,38.131165,0
7.521227,79.29792,0
-73.652626,-10.823737,0
-2.8097022,78.30688,0
27.492016,60.464615,0
14.825458,52.332504,0
-2.7913501,76.02408,0
15.223402,77.48755,0
22.532946,45.052708,0
30.655684,45.710133,0
33.505974,62.690403,0
30.203098,42.599674,0
4.4749417,81.36064,0
10.598778,63.121998,0
3.6535068,49.234432,0
2.141354,58.353493,0
8.45285,51.11288,0
18.767982,63.53012,0
34.35933,64.114044,0
5.9907823,80.65262,0
22.927662,60.411728,0
-6.4034095,74.55044,0
13.298406,77.47434,0
32.289833,64.49339,0
30.740002,59.159203,0
21.265173,53.802307,0
1.5148888,86.20545,0
30.006523,62.501236,0
9.631867,51.869007,0
32.457363,61.227642,0
21.043297,60.994152,0
27.947395,45.484287,0
30.642189,43.651093,0
2.7788525,72.92616,0
-6.7192535,75.36647,0
2.1685462,64.28453,0
27.878479,62.090275,0
5.2684264,50.635086,0
19.110994,64.540245,0
30.194416,66.53732,0
0.4830117,70.361404,0
2.7523887,76.17465,0
25.198034,66.05546,0
29.870481,67.15129,0
20.731163,17.568258,0
25.59796,59.330284,0
10.768874,46.15738,0
15.746365,46.358463,0
2.4197743,64.99731,0
26.720026,58.265377,0
16.465456,47.8591,0
0.5073867,83.40211,0
16.862549,48.517456,0
24.138287,40.78659,0
3.2214892,84.91836,0
10.2975645,53.896053,0
14.391683,46.871532,0
19.857294,52.64882,0
29.0439,65.4404,0
12.545875,46.60322,0
13.656168,43.057335,0
26.885105,66.81786,0
12.242307,45.465637,0
-1.1891959,81.79403,0
23.240406,68.31226,0
10.119805,84.277626,0
12.436,50.550343,0
27.721619,64.13726,0
9.581437,64.77997,0
32.717937,61.428055,0
30.5759,61.036804,0
29.482279,44.94189,0
24.093477,61.7421,0
24.245663,63.418045,0
21.284992,60.780685,0
4.611838,63.991722,0
29.712742,43.879776,0
19.643076,63.54282,0
8.979853,58.28528,0
23.57023,60.92895,0
0.05184056,77.340775,0
20.778103,40.884533,0
3.587964,75.581276,0
20.057583,40.160828,0
23.951054,65.01781,0
30.680214,64.718796,0
14.59401,55.6301,0
10.608359,84.237816,0
4.7330794,49.81433,0
30.802738,57.12729,0
26.111027,44.764084,0
2.1624835,63.173386,0
19.526922,46.826298,0
27.78297,63.165222,0
25.606646,38.615566,0
7.8765535,66.90033,0
4.395991,85.48194,0
5.7891345,78.53292,0
24.817678,48.96215,0
8.029477,67.06461,0
0.9452743,80.01692,0
11.813542,67.59085,0
22.5191,49.108173,0
26.952118,63.416824,0
10.985717,51.068993,0
-1.7924014,76.30619,0
33.37343,63.13982,0
10.809881,63.250668,0
1.3070664,75.54599,0
25.584965,57.895924,0
3.6765723,73.7892,0
25.06039,60.47929,0
25.050957,64.91761,0
4.24777,51.635536,0
-1.1970698,84.37451,0
29.851858,60.203312,0
0.0037661018,82.94031,0
-3.643881,82.840324,0
7.748833,79.29228,0
3.4609659,85.43702,0
4.8539724,63.075623,0
18.481884,63.959137,0
0.9809566,83.85819,0
11.877073,64.45567,0
1.6054425,80.79912,0
25.292698,59.29541,0
-3.7120397,83.17192,0
-0.16170241,69.3446,0
17.184433,49.561417,0
27.91318,60.642967,0
3.601128,77.16306,0
23.052198,46.677155,0
-7.0352726,76.02397,0
22.366028,43.08217,0
3.582785,50.653515,0
22.329645,60.72856,0
15.072446,46.91994,0
13.747323,51.44903,0
2.9495206,80.69908,0
27.292582,63.402992,0
22.348536,39.920654,0
27.020405,46.85148,0
2.399532,61.8733,0
19.733597,62.96404,0
22.218683,36.62203,0
15.342212,79.065254,0
18.897854,46.02444,0
26.152847,56.444344,0
7.472762,50.833534,0
3.9707394,61.197113,0
20.388597,52.91055,0
14.869079,64.629395,0
3.2613702,71.38114,0
3.414881,63.720436,0
14.06916,77.35462,0
11.728541,60.187622,0
13.845676,55.03827,0
25.422993,35.215393,0
26.715227,46.890545,0
28.534792,57.742374,0
8.4013605,52.774975,0
1.2789063,85.418175,0
16.042377,63.737144,0
2.5921905,50.490494,0
0.05322541,70.30069,0
26.774603,39.414886,0
5.7817135,71.91016,0
19.664623,36.681484,0
24.034674,48.548607,0
3.3362286,80.979576,0
8.431794,52.19284,0
30.912468,47.419487,0
28.733269,44.445244,0
9.74317,45.561954,0
12.660937,47.942215,0
8.094237,60.51381,0
12.717554,49.149933,0
13.370931,55.017605,0
21.994354,55.74723,0
23.464457,47.813675,0
-1.3612763,80.77477,0
9.147453,57.867413,0
31.371065,62.557228,0
7.7564855,67.74803,0
3.8500636,63.80424,0
0.62600493,80.7975,0
11.400188,46.59731,0
22.521555,54.042595,0
10.227599,48.3056,0
19.13065,51.14642,0
16.12894,77.24235,0
27.577736,21.935017,0
26.018902,56.495804,0
5.532571,82.32835,0
0.23934905,69.76753,0
13.640275,56.469505,0
34.931087,63.754505,0
-7.6011457,75.54197,0
20.902498,59.593575,0
12.522665,39.83599,0
11.283393,84.04169,0
16.195833,43.483013,0
13.59362,55.32301,0
13.96802,51.40143,0
5.2561345,74.14114,0
28.991901,60.60042,0
3.7851744,50.714554,0
19.330994,64.40425,0
3.1094754,83.96602,0
3.2643046,62.23675,0
2.34329,85.20382,0
27.828585,64.988846,0
2.0212245,85.855415,0
7.069794,68.66741,0
18.80385,51.732147,0
24.695045,59.936134,0
-0.11826287,83.76881,0
34.872524,63.42269,0
8.247018,65.75195,0
23.305538,39.583157,0
29.641531,67.66938,0
25.810133,46.564457,0
-0.14586659,78.63691,0
-0.42828056,82.267204,0
15.730328,41.84176,0
29.167141,49.990196,0
1.5522702,84.50535,0
24.345297,58.053226,0
23.588764,48.62078,0
18.581825,50.70878,0
-0.31746018,69.69392,0
4.534854,77.70241,0
20.702713,59.648094,0
7.6257668,-2.749416,1
79.465004,-14.231723,1
48.458084,-0.20408568,1
55.344128,-14.385693,1
58.505405,-26.375875,1
72.15892,-0.098404564,1
-5.062989,-14.841903,1
48.61707,2.8692362,1
70.99098,0.7691606,1
10.017922,-0.893418,1
-3.871692,-14.801029,1
67.84464,2.7778168,1
67.787964,-22.242281,1
73.14766,-4.55725,1
10.35669,0.99600726,1
66.93626,-27.044802,1
21.07646,-3.684824,1
48.464268,-17.326488,1
10.461094,-0.053903837,1
18.074675,-3.6626344,1
11.214604,1.0256081,1
24.866169,15.305813,1
51.95952,0.92846334,1
61.219696,-27.569067,1
18.86812,-6.3670297,1
-0.5121311,-15.984743,1
62.26016,-28.47187,1
3.7870007,1.0605642,1
16.681248,37.653534,1
58.555557,-2.1969242,1
53.80122,-17.609917,1
53.177994,-8.145257,1
44.27828,0.9365322,1
57.41358,-30.149427,1
49.346664,-27.903343,1
58.349983,-25.994532,1
43.31503,0.7766644,1
3.8057268,-9.138777,1
18.707083,-14.4306345,1
61.437733,-2.8996782,1
64.88609,-33.07549,1
44.545696,3.765792,1
19.999289,7.705315,1
68.40095,-27.746693,1
64.60925,-22.09053,1
-38.342606,-10.5341425,1
55.01197,-15.366776,1
9.075181,-12.188452,1
47.42502,-6.2340565,1
61.24358,-8.329052,1
63.070522,-6.622008,1
51.710133,-20.834618,1
65.25231,6.525283,1
71.51959,-6.750554,1
61.88611,-24.680748,1
71.123634,-4.6548223,1
5.769875,-5.0466785,1
34.611008,3.6139908,1
52.137955,-23.498121,1
13.618538,-2.027318,1
56.073868,7.118733,1
62.9283,-6.4221888,1
10.213239,-2.309583,1
48.83596,-34.95052,1
57.285995,-28.7064,1
71.45226,-0.91888964,1
23.366886,-12.910872,1
68.97564,-14.810596,1
21.935877,7.826561,1
18.612858,-5.7329917,1
19.893108,4.3194847,1
72.213745,-0.71713024,1
18.726452,11.247582,1
19.925934,10.994243,1
56.883686,-1.1226689,1
68.070984,-30.625349,1
9.873697,-15.264672,1
63.84323,-22.137566,1
21.157598,4.8870997,1
65.095314,-14.354232,1
7.090964,-1.8655126,1
27.14685,11.164041,1
12.457034,-6.181755,1
60.10167,-25.856394,1
5.2795386,-13.033298,1
58.64249,-10.665974,1
45.366524,-3.9386675,1
41.426968,-0.09033197,1
27.364826,19.09246,1
46.4891,-15.232286,1
71.75242,-5.072239,1
26.933075,16.949356,1
2.054879,-18.10643,1
64.5687,-27.331747,1
49.646416,-17.783463,1
28.377565,15.960294,1
66.98461,-28.924812,1
57.27651,-4.285737,1
7.7155538,-3.571091,1
52.520615,-10.229636,1
19.454239,8.523287,1
9.922577,1.7257271,1
17.512665,-7.0639157,1
4.469743,-10.150055,1
9.589417,1.497686,1
46.162758,5.0395017,1
50.258045,-23.468699,1
69.53331,1.9974588,1
60.243057,6.609641,1
42.709675,2.138272,1
55.8736,-27.167732,1
4.5921755,1.5240835,1
6.6754627,-4.373522,1
59.760155,-29.026346,1
70.539986,-2.6542003,1
11.762188,-4.0273213,1
10.833557,1.7778076,1
47.336277,2.8317885,1
19.561804,7.7990704,1
50.447845,-9.392028,1
68.55808,-19.292572,1
6.0963635,-10.520651,1
21.618275,8.561089,1
69.48323,-4.3501844,1
21.195267,11.013127,1
22.486734,16.578688,1
17.919159,-1.2699035,1
9.933493,-7.6081676,1
2.5880787,-11.181654,1
23.887762,16.764181,1
51.531918,-7.4453483,1
4.0607343,-15.618076,1
67.81197,-11.948143,1
64.33344,-24.381824,1
59.073544,5.805447,1
27.571064,15.113676,1
65.33072,-12.537361,1
8.616153,-2.8853972,1
11.684577,-7.3866744,1
56.72887,6.030973,1
60.099503,-3.5124328,1
74.017296,-31.109997,1
7.6921477,-10.170211,1
20.87987,4.69261,1
57.1477,-14.774517,1
69.282776,-14.129715,1
45.70003,-2.825573,1
47.09838,2.2639174,1
53.899605,-23.848785,1
70.13158,-31.319914,1
54.11751,-16.083473,1
70.92836,-30.512293,1
40.510128,-10.981567,1
70.86005,-1.1843785,1
6.621019,-2.9021091,1
9.846471,-15.299221,1
11.648845,-18.199928,1
20.47501,10.73914,1
17.593756,-2.818164,1
3.1941004,-18.71921,1
26.661518,16.737993,1
61.650524,-14.598069,1
48.63598,-15.551385,1
65.09857,9.671308,1
48.88323,2.9415555,1
72.58621,-0.48011523,1
17.428337,-1.1823583,1
62.84831,-3.8435655,1
63.00285,-1.3022757,1
15.812296,-13.4736595,1
68.75659,-19.88189,1
44.828194,2.1578605,1
36.444035,3.0330474,1
48.083725,-8.911911,1
61.82445,-5.149226,1
33.19875,3.5900955,1
55.437054,-21.439407,1
10.635742,3.7245662,1
20.080072,-7.7430687,1
24.976324,-7.822678,1
67.19128,-19.361092,1
64.151436,1.6070557,1
6.4920263,-14.196524,1
72.90923,-18.96471,1
12.106839,1.3637736,1
47.59719,-17.082928,1
66.186325,-7.955662,1
49.73747,-32.276196,1
61.104507,-10.626563,1
18.662615,-14.44108,1
17.726433,2.625988,1
61.037724,-16.784786,1
41.016956,-6.743285,1
69.76534,-16.085192,1
48.97028,-30.189249,1
56.92442,7.5094876,1
71.21204,-18.730185,1
55.23409,-30.897999,1
50.203773,-30.571026,1
43.80877,1.6801772,1
57.55788,-0.61224777,1
12.392413,-8.347534,1
16.517359,-10.029917,1
3.0968401,-14.950459,1
57.12851,-15.992227,1
9.500716,-0.13279109,1
60.79542,-5.701268,1
52.859913,-14.258258,1
47.146156,5.059684,1
50.924965,-3.2272313,1
26.928392,18.309704,1
16.617369,-11.658794,1
7.469347,-1.6432036,1
17.71806,-2.1658113,1
58.289368,-28.013048,1
72.28313,-5.7035537,1
2.5736287,-16.894894,1
40.791714,-5.248826,1
19.921371,9.770403,1
7.2149205,2.3827376,1
60.365772,-4.1967974,1
72.36628,-19.78074,1
20.555603,6.5022326,1
72.850426,-6.046044,1
55.84593,1.9926484,1
11.069826,3.376775,1
61.941837,-7.576561,1
45.445625,1.3628106,1
70.05835,-21.009895,1
34.588116,-19.50348,1
50.185196,1.3663094,1
72.62916,-1.4483644,1
14.008318,-10.530779,1
5.0845385,0.8848866,1
27.42348,15.181185,1
63.65231,-20.66636,1
68.90778,-25.187963,1
54.96978,-1.661606,1
56.41845,-28.923426,1
23.55459,17.000185,1
49.158142,-21.495377,1
5.8523655,-6.2588425,1
34.605095,-5.1090846,1
71.26733,-0.1661334,1
49.086136,4.8103905,1
62.80506,-10.988759,1
-0.7608724,-18.458824,1
27.730572,17.263159,1
65.40412,-17.070503,1
0.8236142,-16.44953,1
44.261436,1.6302534,1
3.110358,-18.850313,1
49.099777,-34.814857,1
9.501532,-11.191265,1
56.37003,3.4419134,1
20.5545,10.174951,1
69.825645,-17.743446,1
10.397263,-0.5361248,1
16.346146,-5.162808,1
68.78725,-2.5380173,1
9.632406,0.48493782,1
51.712887,-6.022149,1
65.12669,9.685227,1
36.89004,2.8418763,1
46.222584,0.9353036,1
10.488116,-3.4832942,1
58.67037,-5.4970493,1
24.325373,33.447487,1
56.53944,-26.294983,1
46.147717,-0.4919954,1
57.232895,-30.788368,1
56.109825,-30.876034,1
62.733994,-9.218245,1
24.812021,16.036732,1
67.74095,-35.12815,1
50.2059,-30.279585,1
-1.1622403,-19.700499,1
58.81113,-33.288475,1
20.261173,-1.2331593,1
1.0209422,-23.97307,1
20.202993,10.575841,1
51.632145,-7.1526732,1
47.65662,-15.684561,1
72.37521,-12.239772,1
-5.4678407,-9.429226,1
66.58401,-14.810094,1
19.072113,-6.3577514,1
55.439137,-12.532718,1
42.03672,3.5512924,1
61.164474,-23.336157,1
15.875357,0.9891614,1
19.26616,-9.251435,1
68.21088,-17.675594,1
58.941597,-30.994955,1
56.400677,-5.3154273,1
23.134718,-5.206388,1
8.706428,-12.618773,1
15.13452,-2.7203856,1
64.879616,-32.952026,1
51.33758,-28.08363,1
71.398964,-2.7596145,1
25.311312,17.741484,1
59.028534,-31.041487,1
55.02394,-12.121665,1
59.75398,-7.792093,1
51.925064,-26.443773,1
46.683983,3.2133503,1
57.589855,-26.70205,1
47.478676,-18.724161,1
21.627565,12.275401,1
12.800527,-11.794168,1
59.759804,-10.551275,1
11.145509,-4.786118,1
56.797123,-25.63647,1
68.66406,-16.768173,1
55.790287,-1.2090056,1
64.51603,-4.026396,1
6.9369307,-6.954509,1
65.25785,4.78833,1
51.665024,-27.471552,1
6.190661,-7.297741,1
0.48686507,-12.595532,1
25.7718,-6.169453,1
62.526443,-12.632564,1
12.173993,-1.6500622,1
18.892302,10.399018,1
61.51321,-8.764654,1
-0.82062954,-20.385633,1
63.811916,-28.758396,1
65.0599,-26.110216,1
55.505486,-18.757683,1
49.163177,-5.3932586,1
-34.96871,-8.0176,1
16.490877,-10.554137,1
55.382626,-16.998299,1
71.730194,-19.659782,1
54.734116,-23.780651,1
14.577247,3.8660662,1
3.1668458,-14.118461,1
7.6523247,-11.470825,1
65.64021,-24.86633,1
43.72654,5.792136,1
65.1032,-23.929049,1
56.81626,-26.768581,1
4.6384435,-4.1867456,1
69.95827,-18.497179,1
65.42645,-16.785116,1
45.86295,6.6035013,1
48.48609,7.723276,1
73.21805,-18.819794,1
16.762304,-1.1481407,1
69.31914,-34.83275,1
72.7378,-13.102612,1
50.223446,-1.9009293,1
5.595581,-10.062418,1
35.173126,3.537246,1
44.24983,3.4630227,1
57.412594,-3.8445826,1
68.434525,-28.311705,1
41.961273,1.8627042,1
50.12379,-29.25804,1
71.90295,-11.43237,1
13.450748,-1.1468173,1
24.615057,32.268364,1
60.821144,-24.823784,1
58.778507,-2.4694118,1
20.748844,-10.977095,1
52.896187,-23.499226,1
61.41132,-29.550686,1
43.743454,-26.94488,1
-0.14382607,-16.961351,1
7.6328797,-10.498279,1
56.694237,-31.450489,1
20.474588,15.348147,1
58.585884,-7.8314385,1
54.40153,-33.509117,1
19.34595,10.278901,1
63.164,-10.404077,1
44.655365,4.5653906,1
65.76654,-18.832516,1
55.602894,-21.248564,1
65.2962,4.77908,1
6.0741487,-4.7976494,1
43.31717,6.307989,1
31.52468,-16.410242,1
11.99799,0.17947385,1
49.042816,-31.03109,1
69.6557,-27.804176,1
68.43928,-21.38928,1
71.40758,-2.2115002,1
55.319714,-10.344351,1
21.753073,6.024399,1
48.495174,-6.740817,1
66.466194,-19.420866,1
11.439658,0.54392934,1
59.619698,9.3171015,1
10.634824,-9.531224,1
20.907757,6.070061,1
3.1613507,-10.466514,1
70.38771,-3.9422903,1
16.105127,1.0467644,1
13.769666,-0.1901846,1
64.24353,-9.8420315,1
27.708902,19.53749,1
66.47162,-30.898565,1
68.85739,-34.74716,1
3.9867392,-6.1877403,1
54.968266,-32.178684,1
8.116109,-0.04699774,1
64.699135,-5.567397,1
0.16239198,-16.434916,1
69.77869,-5.696892,1
10.3245945,2.492153,1
57.45862,-27.764248,1
47.53507,8.436493,1
14.103001,-10.65248,1
50.42138,-29.844667,1
67.79879,-16.724306,1
53.66959,-5.144962,1
61.3925,-28.275822,1
48.793095,-35.77002,1
21.5666,-2.8866162,1
55.891163,-2.56912,1
71.95647,-27.114542,1
12.113078,-10.590652,1
48.664967,-25.134525,1
19.51167,10.820354,1
47.302483,-36.393982,1
21.891603,12.458497,1
72.03005,-31.761932,1
1.0858226,-8.551407,1
-9.241701,-13.312039,1
12.611776,-8.796334,1
66.6493,-14.773806,1
26.54158,10.968149,1
-38.95708,-10.715834,1
71.22813,-23.8719,1
69.717995,-29.09719,1
64.61934,-4.6636715,1
7.5929027,2.3474078,1
53.719673,0.72179615,1
24.731232,31.810453,1
68.61068,-34.995872,1
54.351845,-28.948318,1
55.25746,-6.840514,1
59.833157,-14.5954275,1
43.15908,-12.927954,1
0.4995927,-23.293276,1
66.68621,-28.379599,1
57.866627,-29.451632,1
2.6536226,-16.312963,1
8.647242,-3.4842148,1
55.773182,-23.933683,1
10.423359,-5.9546695,1
21.62381,-2.6295636,1
-12.297674,-23.098503,1
68.158356,-4.90273,1
59.10394,-27.18678,1
59.601753,3.8259993,1
10.771811,-3.999578,1
72.74676,-29.076496,2
46.538303,-25.533058,2
58.721954,-7.540216,2
-13.377818,-14.553171,2
68.77744,-35.648262,2
30.372526,-7.254575,2
-7.5281186,-8.749034,2
64.10532,-32.904633,2
68.78239,-21.657267,2
48.031773,-29.032541,2
60.48707,-17.310333,2
72.07461,-28.851896,2
29.265493,-8.3659725,2
66.62434,-5.388745,2
58.39729,-3.583279,2
64.09405,0.73964214,2
48.091877,-33.26291,2
40.872463,-14.015012,2
62.326332,-1.8292412,2
32.205368,-7.5920324,2
54.09171,-29.921984,2
-5.4879,-0.41620982,2
40.860073,-3.0511203,2
73.14636,-28.199158,2
57.750877,-12.555862,2
13.186003,-12.682411,2
12.47193,-5.33219,2
27.812817,-10.768309,2
-6.934738,-9.048697,2
-10.985065,-16.282333,2
-8.003348,-8.055712,2
60.239162,1.7696809,2
16.105574,-13.586535,2
52.644905,-6.0306454,2
38.60457,-8.137503,2
26.368296,-13.113059,2
71.020775,-32.24836,2
41.25299,-19.303257,2
47.035397,-13.638841,2
39.3669,-4.55867,2
53.691475,-12.578209,2
22.65901,-4.161408,2
16.493164,-3.965471,2
72.22421,-12.041318,2
37.98649,-14.998239,2
50.054306,-16.821232,2
61.758003,-22.5816,2
46.62502,-12.802757,2
45.828484,-5.4938784,2
27.669344,-14.223325,2
59.36916,4.7983603,2
15.567217,-11.928285,2
24.4795,-5.1434584,2
-1.5448058,-25.245842,2
42.853397,-2.4836318,2
-7.6720886,-5.4458985,2
26.045958,-15.320078,2
54.576912,-30.969938,2
36.337814,-7.487543,2
-14.937933,-12.0348425,2
-14.660597,-15.862811,2
54.058754,-15.131283,2
57.643017,7.721821,2
56.297688,-13.454982,2
-7.441695,-3.7794771,2
9.245502,-0.6435092,2
63.650475,-28.419884,2
63.487392,-11.495093,2
29.10039,-4.3426714,2
66.0975,-24.758724,2
72.808014,-30.675467,2
43.414856,-33.96131,2
39.22174,-16.813747,2
-9.151211,0.61816436,2
63.130867,-16.525723,2
-4.4205437,-14.850024,2
43.859966,-4.4999146,2
14.430581,-4.109467,2
41.754574,-9.4372225,2
36.01588,-20.673203,2
4.0665746,-17.098705,2
80.80064,-15.838957,2
28.112944,-13.755279,2
-8.308277,-1.1755159,2
53.45805,-1.9695029,2
40.605343,-19.227964,2
57.807117,-1.9419739,2
41.67599,-11.401001,2
70.35594,-24.294765,2
40.876896,-7.1566105,2
32.07133,-19.266928,2
71.250854,-26.265062,2
-8.413341,0.0460524,2
64.029175,-13.259045,2
67.17089,-22.325315,2
71.59108,-24.943756,2
38.860138,-11.629801,2
41.02066,-2.7681997,2
34.71155,-17.722374,2
50.013706,5.4753356,2
-27.687336,-14.156357,2
42.16456,-4.399852,2
38.901806,-5.2028294,2
27.091656,-9.735497,2
69.754234,-3.0139425,2
15.934068,-11.13855,2
33.682407,-15.641537,2
64.78399,-27.618359,2
-4.8435025,0.88881105,2
53.426487,-34.275196,2
66.06733,-10.974463,2
-13.827538,-18.390444,2
16.160028,-9.001622,2
45.23311,-33.42441,2
5.3888845,-16.859192,2
66.03179,-5.4560947,2
59.72123,-22.76824,2
15.773488,-2.5764105,2
68.029945,-20.962309,2
48.39267,-31.985804,2
61.012806,-0.7316874,2
51.153652,-4.5044603,2
46.663685,-34.68316,2
13.448039,-0.7352839,2
41.1516,-24.235964,2
46.76571,-26.96835,2
22.435745,-8.758168,2
26.716423,9.4510975,2
54.985485,-6.3957806,2
41.398308,-17.742628,2
80.304405,-15.737585,2
60.184467,1.9507546,2
35.26628,-14.884858,2
59.861607,-3.1242783,2
-10.11621,-5.831983,2
72.69608,-28.419712,2
58.375416,-33.844078,2
32.18825,-9.735093,2
45.37371,-15.46688,2
31.967276,-12.517914,2
44.293797,-3.901396,2
72.73415,-26.913853,2
71.4851,-24.01921,2
67.33917,-12.923189,2
68.72816,-27.368546,2
55.18443,-4.74629,2
-8.712747,-10.570652,2
15.863472,-0.4892551,2
32.399467,-17.122566,2
79.32957,-16.8518,2
34.542828,-12.254646,2
47.329304,-25.590235,2
51.51925,5.404248,2
38.83071,-16.226645,2
56.69494,-12.712179,2
14.024659,-8.41422,2
32.470955,-15.283918,2
57.47179,3.2614005,2
-8.431617,-2.9284859,2
80.115974,-17.350353,2
20.225622,-5.5368705,2
33.01548,-12.978539,2
10.0952635,-4.8321776,2
60.478477,7.598512,2
4.4082127,-12.999953,2
35.323868,-18.014374,2
19.610067,-5.6953964,2
24.001688,-3.9303935,2
43.970497,-31.33307,2
-31.404045,-9.443175,2
-7.7772737,-5.399156,2
56.04853,0.05782848,2
33.44604,-12.5405655,2
44.002148,-6.090918,2
15.265039,-3.0398464,2
47.307583,-33.591484,2
40.219303,-13.0265,2
36.52656,-22.150932,2
-28.443354,-13.937339,2
-11.451443,-18.805464,2
57.80479,1.5118097,2
57.580856,-11.585521,2
48.103745,-34.42562,2
42.469437,-13.093702,2
39.929043,-11.203824,2
69.75434,1.2959276,2
29.231981,-13.136767,2
62.92105,-7.798324,2
67.7729,-30.89528,2
70.25378,-34.152557,2
49.48271,-24.814852,2
50.477253,-21.733212,2
64.05388,-10.29273,2
37.9542,-7.0090847,2
-19.176094,-21.497501,2
30.152843,-8.422846,2
-9.017918,-0.60266846,2
78.60965,-16.73974,2
66.125275,-7.36467,2
68.98135,-15.784613,2
60.380493,-8.39241,2
-37.921783,-10.191572,2
50.99042,-12.174518,2
53.245197,-16.00467,2
62.417526,-1.0104661,2
20.525595,-3.4131198,2
66.24561,-14.007139,2
64.40033,-18.405806,2
77.11302,-13.950122,2
54.665585,-9.239291,2
43.852623,-30.754673,2
61.427963,3.2512403,2
42.40692,-12.056941,2
64.00753,-24.955393,2
41.130352,-10.41589,2
-4.7994304,-4.2012534,2
54.991142,-9.614984,2
32.167435,-19.582277,2
71.92738,-31.61319,2
47.74179,-14.929824,2
70.96888,-2.0569308,2
50.345715,6.562334,2
53.906586,-3.7095377,2
50.310738,8.433531,2
-5.071062,-28.605986,2
57.949673,1.9302722,2
-7.4959164,-1.7418393,2
61.4811,-24.812307,2
32.40728,-15.568999,2
36.315037,-15.85392,2
-5.19847,-2.6605515,2
-8.827273,-1.4548751,2
44.128677,-31.80805,2
-8.450748,-4.0831666,2
74.048386,-27.243536,2
28.731203,-4.4681296,2
5.647397,-16.734735,2
68.65292,-22.654867,2
50.39749,5.131295,2
57.214615,-2.8033776,2
18.256023,-10.158634,2
61.403862,-0.23911832,2
28.046926,-7.7795763,2
-31.880556,-9.691538,2
32.940006,-10.52373,2
79.67215,-16.418112,2
45.402367,-12.653435,2
43.3202,-21.968105,2
57.839703,0.18294145,2
52.317387,4.172397,2
59.973198,-1.4194162,2
39.296143,-7.648759,2
50.763042,-12.0225315,2
70.78888,-24.66439,2
48.581646,-18.74752,2
-6.5005426,-6.5142164,2
73.57994,-28.344645,2
-6.8916492,-9.612071,2
-5.2660165,1.0484377,2
46.020943,-12.756367,2
59.50517,-14.670988,2
-6.7239556,-10.721829,2
42.449097,-4.1097503,2
54.870148,-34.516293,2
44.852055,-21.938906,2
78.014046,-17.09927,2
71.51698,-32.523167,2
21.93017,-6.3762016,2
49.31861,-24.83844,2
30.382376,-10.466943,2
51.584667,-1.7801149,2
58.404552,-5.7376556,2
61.7,-21.803888,2
29.903698,-7.0632305,2
39.498085,-13.239661,2
42.100727,1.2875531,2
68.90301,-1.9111887,2
35.822273,-18.161112,2
63.39696,-13.523697,2
59.09158,-33.33119,2
69.54347,-0.010449951,2
59.595516,-15.08407,2
44.82112,5.317947,2
-9.833534,0.35716084,2
62.940643,-1.6244022,2
59.914574,-1.4242628,2
34.916996,-7.1187606,2
44.263016,-27.575026,2
-11.086111,-4.128428,2
39.700035,-4.5919576,2
43.00375,0.18268308,2
72.98518,-29.96841,2
54.769287,1.53033,2
52.47831,4.1258936,2
68.18457,-34.400757,2
39.06866,-17.315058,2
42.308598,-13.244136,2
36.46963,-2.522834,2
15.44828,-16.354548,2
-6.559084,-1.9963729,2
56.424988,-2.9201372,2
17.413603,-0.407494,2
35.657185,-22.386576,2
56.560684,-9.319185,2
53.960503,-31.15056,2
46.58463,-16.654217,2
56.40904,-7.2288723,2
79.59437,-14.690148,2
59.816135,-4.542647,2
20.331598,-10.861776,2
34.838062,-4.662003,2
59.676666,5.677023,2
63.98133,0.19648354,2
66.50966,-20.49981,2
80.66097,-16.66704,2
55.200886,-3.575566,2
73.60067,-28.944454,2
48.203907,-13.425212,2
-9.540736,-8.278239,2
72.91218,-27.449806,2
41.976315,-10.928924,2
49.541817,8.111171,2
37.414944,-15.085973,2
41.667908,-19.816132,2
57.221275,-12.230343,2
-6.6679854,-7.312484,2
-23.758398,-18.905483,2
34.729725,-11.312302,2
49.98122,-16.263672,2
26.421652,-13.098536,2
48.85546,-36.2827,2
19.730171,-4.5680337,2
55.05758,-17.225538,2
63.22033,-25.655947,2
-8.430661,-4.909185,2
47.274967,-31.524038,2
50.531097,7.260514,2
40.009205,-19.844667,2
55.67936,-27.137022,2
30.66741,-12.362117,2
30.32806,-9.883888,2
47.388374,-26.45706,2
47.30471,-31.033531,2
81.373795,-16.449398,2
36.63754,-19.137049,2
-10.140461,-3.6087272,2
52.908504,-30.277765,2
59.128162,-12.787641,2
44.784603,-10.566249,2
45.03347,-6.752532,2
-32.24029,-9.576357,2
43.40527,-4.289374,2
58.189255,-9.227122,2
-11.117769,-4.293135,2
-13.520449,-14.562995,2
62.946266,-26.997326,2
40.580345,-9.790397,2
34.378525,-5.6831026,2
45.418182,-34.723278,2
60.026703,-7.1279473,2
53.1865,-29.014084,2
-5.837681,-0.76748943,2
56.810585,2.0939152,2
79.433525,-17.63583,2
3.9219627,-13.0194845,2
44.895565,-20.789825,2
36.64251,-15.36517,2
39.550816,-13.97652,2
-9.904628,-1.2623827,2
30.511656,-12.4747095,2
13.880554,-8.400512,2
31.82385,-9.655622,2
-15.586782,-16.144981,2
39.306454,-9.859553,2
9.743756,-7.7379317,2
57.185764,2.5097995,2
41.07344,-24.10435,2
-5.5187883,-2.3601823,2
59.649197,9.277403,2
67.66948,2.9350774,2
47.47975,-34.94635,2
44.04912,-21.035086,2
-3.585072,-2.1051524,2
52.867474,3.6099956,2
44.37411,-21.49821,2
66.76664,-21.746332,2
48.517162,-24.950977,2
-4.149055,-0.21228606,2
-6.3155265,-3.8114219,2
49.803425,8.503955,2
-11.809339,-17.182175,2
13.047545,-13.585081,2
31.672626,-10.945771,2
57.58773,-19.239893,2
80.21203,-16.994167,2
-6.561725,-8.187393,2
28.761072,-7.0702724,2
26.891352,-15.930814,2
70.97263,-32.27426,2
71.04259,-27.024872,2
-13.322975,-10.363084,2
-10.36715,-2.870819,2
45.695408,-34.937183,2
68.13195,-25.84891,2
-5.4915276,-3.0011177,2
12.221225,-18.30609,2
44.520065,-25.324028,2
-6.9244685,0.4797278,2
43.987762,-11.840353,2
45.32304,-35.35687,2
67.002335,-34.554176,2
47.427475,-3.232623,2
17.143969,-5.1675186,2
-6.4064717,-4.992342,2
53.819077,0.018602315,2
62.31995,-29.351233,2
43.974407,-19.865625,2
-13.609841,0.031733606,2
60.315994,3.2530918,2
71.06558,-33.869183,2
64.02773,-8.398233,2
22.3965,-6.104648,2
50.195446,7.454113,2
-7.986124,0.26483,2
57.26456,-8.260001,2
60.71427,-11.520252,2
57.08674,-7.25988,2
-4.8066583,-1.8036114,2
61.46658,-16.824305,2
64.187546,-0.35898265,2
44.715145,-4.3275576,2
46.206154,-34.38928,2
70.74511,-26.380772,2
-7.8122807,-2.8514857,2
57.75145,4.318877,2
53.31708,-9.760288,2
34.81702,-11.177591,2
43.368332,-10.880273,2
14.121679,-13.917566,2
79.84889,-15.685821,2
65.01504,-6.966384,2
26.722916,-15.759508,2
63.996227,-17.80227,2
13.739568,-5.7783823,2
79.805595,-17.740768,2
43.952724,-27.720835,2
54.762634,2.6537073,2
49.78521,-27.337523,2
61.06291,-21.349283,2
78.87316,-16.0251,2
55.660408,-20.186401,2
38.354107,-8.721246,2
29.73284,-6.5219865,2
29.011847,-11.078205,2
14.874113,-3.0998435,2
67.54785,3.553344,2
-7.5048866,-2.933287,2
-10.329843,-13.919231,2
-6.771721,-0.291487,2
11.018049,-8.100456,2
-52.094814,45.721188,3
-68.54674,-6.5395217,3
-46.43962,38.04926,3
-49.78616,53.162556,3
-48.06969,41.61422,3
-76.81317,-20.31451,3
-49.551598,-25.517616,3
-67.626724,-1.1914701,3
-75.28192,-18.678394,3
-50.022755,-7.3462005,3
-74.37867,-17.06525,3
-67.24872,-4.2670116,3
-77.357544,-25.462893,3
-52.54849,35.571358,3
-67.42045,-24.595667,3
-60.85666,-36.881966,3
-54.780857,44.900696,3
-63.090637,-20.36778,3
-63.01966,-23.245274,3
-52.03671,-8.886634,3
-68.60067,-23.056314,3
-72.96633,-24.946762,3
-61.29318,47.81318,3
-81.18595,-21.158003,3
-51.971935,49.28913,3
-64.008804,-19.94968,3
-53.619953,-15.93111,3
-76.66292,-32.231655,3
-48.241028,37.171577,3
-54.12591,-33.9711,3
-50.232246,33.979153,3
-53.504906,46.764,3
-49.16513,52.21687,3
-79.354706,-22.125185,3
-65.605896,-15.812181,3
-73.90958,-16.2754,3
-50.613167,52.199333,3
-50.71258,-28.957815,3
-40.63701,-26.248913,3
-52.965973,55.697792,3
-50.90677,35.319736,3
-60.969578,-13.493078,3
-61.472233,47.109913,3
-67.505,-9.996258,3
-73.47904,-16.949137,3
-70.09008,-4.4461484,3
-70.991936,-12.172817,3
-75.20009,-18.422657,3
-62.39663,47.989185,3
-50.989464,-14.902309,3
-53.77022,-8.650866,3
-54.138554,-17.434015,3
-53.10622,-18.718052,3
-81.54582,-19.904978,3
-51.56878,34.55681,3
-67.21007,-13.23952,3
-50.185642,50.942482,3
-52.536793,54.743263,3
-51.589657,43.375713,3
-46.41797,-21.316584,3
-45.687824,37.649067,3
-68.20249,-0.1930167,3
-51.664776,42.755226,3
-69.84962,0.113510884,3
-71.42151,0.73186255,3
-56.91737,-24.648354,3
-73.21064,-24.755041,3
-63.184025,-14.309968,3
-67.180786,-13.649591,3
-56.026577,-27.028105,3
-68.46579,-16.827574,3
-53.226913,51.754837,3
-60.553215,-17.362831,3
-66.1224,-28.63921,3
-47.61993,42.591827,3
-78.294426,-19.763832,3
-50.344753,54.952198,3
-67.93078,-11.748582,3
-49.986347,-19.005249,3
-50.849194,51.810215,3
-69.34818,-16.710548,3
-47.493626,37.701973,3
-66.70837,-20.562057,3
-58.34785,-14.679315,3
-71.760895,-2.1868818,3
-64.006546,-2.5325708,3
-69.496956,-18.414793,3
-68.94842,-13.951632,3
-67.60554,-15.010035,3
-59.82437,45.6291,3
-64.82194,-22.798044,3
-52.991478,-21.080645,3
-58.38655,-33.721592,3
-48.443768,-24.079517,3
-70.90954,0.18061519,3
-50.050842,41.22678,3
-53.2565,35.6104,3
-66.530136,-1.674132,3
-51.396168,52.844772,3
-44.252594,39.12847,3
-42.076508,-36.824997,3
-49.386818,39.062595,3
-52.04446,46.28157,3
-49.36588,43.157543,3
1.3328037,-14.469737,3
-45.89223,-26.043797,3
-75.673615,-21.021517,3
-52.765553,31.562042,3
-75.83788,-17.49089,3
-51.47167,-9.482175,3
-75.58108,-23.640272,3
-78.37839,-26.839909,3
-59.43586,45.200447,3
-53.367138,-7.3537974,3
-71.42365,-11.47714,3
-71.207924,-18.93008,3
-47.130524,-41.953304,3
-78.79732,-25.85176,3
-50.314007,-8.496589,3
-54.566338,-20.779987,3
-47.858437,-47.91089,3
-77.78015,-23.28598,3
-52.985092,48.8224,3
-71.566025,-4.0286913,3
-60.001457,-37.10542,3
-71.93511,-19.035065,3
-70.45604,-5.195504,3
-67.36303,-4.6854334,3
-51.658443,-9.549372,3
-69.02465,-1.4609735,3
-48.7905,44.441498,3
-51.765892,-7.9601793,3
-50.697376,-9.228728,3
-49.694473,50.338142,3
-43.443733,-23.6121,3
-44.732872,40.425488,3
-50.795544,-25.306087,3
-50.94573,34.992077,3
-64.546844,-29.685013,3
-56.97015,-23.430079,3
-24.339706,-30.456568,3
-59.73343,-17.619564,3
-79.98078,-19.928663,3
-77.15075,-26.011372,3
-48.62931,43.794483,3
-23.940369,-10.445027,3
-64.00294,-23.849785,3
-45.707348,43.628117,3
-69.25773,-14.957113,3
-52.361572,-10.118449,3
-26.412048,-20.12974,3
-65.75423,-4.9698834,3
-55.04808,-9.193232,3
-59.268658,-33.44037,3
-55.928917,-21.881012,3
-69.81034,-2.22546,3
-53.55928,40.188576,3
-51.558136,49.901596,3
-70.452576,-23.146193,3
-53.56804,36.569595,3
-58.610348,-18.010868,3
-71.487564,-2.0098903,3
-63.00008,-1.5157139,3
-52.879646,36.707745,3
-67.18415,-9.10014,3
-72.49044,-20.437521,3
-54.10051,52.7311,3
-47.255188,-47.726913,3
-44.159473,38.01241,3
-50.437183,-25.337696,3
-48.872665,-15.717962,3
-53.724995,-16.811907,3
-32.10022,-18.655857,3
-27.40832,-16.362871,3
-50.30384,55.76574,3
-64.44217,-24.494267,3
-78.32229,-30.899109,3
-70.34241,-23.654936,3
-73.18004,-15.734253,3
-47.94188,-48.45942,3
-40.58193,-23.383951,3
-39.690594,-27.324398,3
-51.98197,-19.206192,3
-61.433956,45.901707,3
-62.878704,-18.709806,3
-59.117195,46.72435,3
-48.973267,41.29858,3
-43.471455,-27.055355,3
-66.42705,-1.3556459,3
-60.96574,-19.179762,3
-59.580635,48.61529,3
-50.42316,32.069595,3
-45.57703,41.820553,3
-54.173782,51.361523,3
-69.58334,-15.132221,3
-59.41741,-18.561697,3
-77.79746,-30.01996,3
-60.267254,-30.79383,3
-54.684612,-34.056908,3
-47.796383,40.612915,3
-74.03134,-19.48393,3
-50.885597,-17.427467,3
-67.4945,-15.858202,3
-67.274864,-3.0943017,3
-66.60864,-14.238925,3
-60.724636,46.994663,3
-75.46384,-19.304811,3
-68.429634,-2.4625437,3
-46.75491,41.138622,3
-60.379932,47.96457,3
-32.854748,-20.72098,3
-77.39247,-17.627136,3
-70.59135,-5.593965,3
-53.017685,31.10995,3
-67.06022,-8.778393,3
-34.02225,-10.241005,3
-68.42953,-0.15366241,3
-50.9637,45.84866,3
-57.436775,-20.720118,3
-51.267323,40.92957,3
0.61121976,-10.355452,3
-68.49683,-3.5842247,3
-63.341927,-3.1060503,3
-55.24732,50.26955,3
-44.079304,44.955708,3
-58.039062,-26.314196,3
-55.249443,-22.473543,3
-60.28974,-20.399708,3
-52.901615,49.37025,3
-71.47907,-3.7077951,3
-65.95046,-10.020797,3
-52.652378,48.162064,3
-60.376785,49.116608,3
-46.99121,41.46068,3
-52.814068,53.9954,3
-70.66293,-2.0872374,3
-51.222977,-11.42623,3
-66.53286,0.8982151,3
-73.3564,-11.407705,3
-51.95796,51.159645,3
-81.94195,-19.665998,3
-13.698606,0.06554156,3
-65.382965,-16.828049,3
-61.453854,-17.927275,3
-49.449913,36.633484,3
-54.026222,-13.583384,3
-78.03954,-26.11082,3
-53.48534,-16.65686,3
-59.662815,-19.086016,3
-72.80085,-19.914732,3
-51.562675,43.083363,3
-50.856167,51.08367,3
-44.912354,38.729877,3
-64.51641,-30.121006,3
-79.09035,-27.661638,3
-75.27476,-31.40275,3
-49.802334,35.923977,3
-52.520515,55.54928,3
-62.02454,-21.151709,3
-79.31838,-25.836508,3
-67.60075,-2.268791,3
-60.780113,45.697437,3
-44.273453,-27.911055,3
-60.588345,-12.911795,3
-47.051563,41.94353,3
-66.63973,-6.1478887,3
-49.587963,-7.363597,3
-43.70279,44.584343,3
-28.218212,-19.934542,3
-68.88346,-20.401161,3
-72.10183,-16.796522,3
-68.96055,-16.117626,3
-48.681698,45.56879,3
-52.230953,44.796673,3
-38.947277,-30.237808,3
-65.882225,-20.86119,3
-80.23826,-18.333733,3
-43.690617,43.50336,3
-72.44507,-18.617441,3
-78.035446,-31.658438,3
-42.237446,-27.830805,3
-61.542667,-15.163011,3
-56.45175,-36.239227,3
-65.85542,-13.561861,3
-55.86007,-29.826803,3
-60.324852,48.536983,3
-74.81199,-29.15309,3
-52.606365,51.868984,3
-69.64585,-0.9612027,3
-51.84429,31.688587,3
-65.67365,-15.950517,3
-44.416447,-13.555481,3
-50.076603,35.676014,3
-64.18902,-1.7746077,3
-51.560165,56.64573,3
-71.09783,-0.8476347,3
-75.95087,-16.853933,3
-67.491425,-0.2951566,3
-68.04935,1.1948736,3
-67.06904,-5.3116865,3
-49.22315,51.019783,3
-60.33661,45.08075,3
-53.330257,51.135456,3
-68.94325,-0.7826583,3
-67.78601,-6.0679493,3
-51.302868,31.833973,3
-52.37125,41.416515,3
-53.395054,39.65677,3
-45.96924,42.839725,3
-60.985596,-18.430145,3
-51.4011,34.067337,3
-44.155632,-24.731218,3
-61.034863,48.370197,3
-60.107246,-13.343872,3
-78.19239,-30.761194,3
-51.885777,47.93056,3
-54.56166,-15.65061,3
-68.060905,-1.2114877,3
-79.41771,-20.052492,3
-76.42962,-27.484488,3
-70.90938,-15.857037,3
-75.92348,-19.942492,3
-80.41865,-19.834347,3
-54.617302,49.7733,3
-60.2798,46.985687,3
-60.654152,-20.350813,3
-31.94751,-21.240826,3
-43.057674,44.082485,3
-45.910385,39.612816,3
-52.627632,53.378464,3
-52.83938,-7.715907,3
-66.14785,-0.28314576,3
-50.820095,-23.102251,3
-70.279785,1.3948382,3
-52.79627,43.301758,3
-51.954697,32.007935,3
-44.264816,41.638718,3
-50.171864,34.31187,3
-53.78246,50.69239,3
-80.39406,-20.958555,3
-76.17274,-23.059149,3
-42.780895,43.97149,3
-60.02436,-31.25273,3
-67.04926,-25.056093,3
-74.39643,-21.482546,3
-52.483707,56.180603,3
-49.76677,-9.502533,3
-62.769787,-1.5054634,3
-65.327095,-3.0604377,3
-67.43569,-17.130196,3
-51.732483,-14.00483,3
-66.87409,-23.445808,3
-77.27451,-27.879322,3
-74.3217,-18.17071,3
-60.831173,46.230305,3
-79.146835,-20.898329,3
-59.114494,-14.079972,3
-77.37151,-18.569025,3
-70.15246,-17.277695,3
-48.437317,35.720036,3
-76.438194,-29.906738,3
-70.65875,0.6640771,3
-52.596157,49.824097,3
-53.641964,46.456703,3
-52.811382,-13.798099,3
-51.3427,48.237785,3
-50.712086,-30.477182,3
-77.84891,-27.036728,3
-51.539738,-19.649837,3
-52.17206,33.732647,3
-71.51631,-21.610783,3
-68.33015,-23.230406,3
-49.80767,49.577232,3
-50.728348,56.377514,3
-65.910706,-19.050215,3
-66.819824,0.7130995,3
-51.493656,53.82283,3
-60.720215,-13.91428,3
-52.49161,36.62239,3
-66.25999,-2.6749437,3
-53.56373,38.657116,3
-51.307343,-30.707695,3
-52.672092,52.40302,3
-54.689705,54.69823,3
-53.357323,53.51148,3
-53.5657,55.63172,3
-61.18466,-11.623237,3
-74.74683,-20.031319,3
-47.666454,35.44716,3
-51.224697,55.193913,3
-79.099815,-21.406113,3
-21.386536,-30.639387,3
-64.72192,-22.52495,3
-43.322205,44.96815,3
-47.285255,43.437855,3
-50.56187,48.03322,3
-45.6467,39.297977,3
-44.4071,43.882862,3
-70.96375,-22.76065,3
-60.247272,-35.939625,3
-60.100266,46.439957,3
-52.88186,40.393703,3
-65.60517,-13.529224,3
-55.205376,52.307438,3
-52.051117,54.91045,3
-51.284527,41.64759,3
-76.8495,-28.688343,3
-62.094406,47.17807,3
-48.183193,46.61577,3
-48.332577,-34.00757,3
-51.740215,55.79415,3
-78.35339,-18.708088,3
-55.387184,-21.969313,3
-78.88906,-22.973875,3
-48.66874,-18.033272,3
-47.038086,-16.429384,3
-63.447834,-26.023674,3
-44.759598,41.02634,3
-77.31454,-30.100899,3
-76.60703,-21.533556,3
-60.923626,49.98976,3
-61.650608,48.58175,3
-44.735806,42.904964,3
-71.422615,-19.349468,3
-50.79849,36.493507,3
-52.096172,53.026676,3
-74.11956,-20.334896,3
-45.421192,40.40162,3
-76.45212,-30.05421,3
-79.42323,-20.639547,3
-55.75188,-28.827505,3
-77.21841,-30.719063,3
-70.4263,-18.779186,3
-61.462097,49.15824,3
-67.37356,-7.0018024,3
-52.55367,-24.196392,3
-52.27961,47.03446,3
-61.95741,-12.812981,3
-60.782677,49.54857,3
-49.846035,51.749317,3
-65.06508,-1.3559175,3
-77.65109,-20.69516,3
-80.365974,-20.670534,3
-52.57868,-18.742197,3
-67.97857,-23.295595,3
-44.698997,39.267254,3
-74.177124,-31.849655,3
-68.94246,-21.039938,3
-52.647114,42.028263,3
-66.70119,-18.369795,3
-50.914658,55.739086,3
-77.91376,-21.495308,3
-69.86411,1.0626612,3
-76.44277,-18.847937,3
-57.45427,-15.16193,3
-70.38383,-12.630329,3
-30.060423,-12.718424,3
-70.076065,-0.28288326,3
-48.96185,-20.689589,3
-36.382023,-15.701073,3
-48.418602,-46.363686,4
-18.73518,-14.360652,4
-57.417877,-36.145958,4
-38.862633,-27.177486,4
-26.474085,-28.293842,4
-63.016865,-25.535364,4
-21.345268,-24.485043,4
-7.2205925,-14.404845,4
-15.536901,-16.654234,4
-20.330433,-8.968339,4
-53.477493,-6.7601357,4
-38.052803,-19.544924,4
2.7002997,-7.069863,4
-24.885267,-21.624859,4
-53.842983,-27.665083,4
-44.92873,-34.73858,4
-18.073069,-24.892565,4
-45.127903,-33.455902,4
-45.685646,-44.27701,4
-48.8762,-33.714977,4
-27.889467,-30.051092,4
-23.45233,-8.384096,4
-35.464752,-27.346226,4
-31.624123,-21.969496,4
-46.785522,-47.84765,4
-20.00197,-8.3496475,4
2.1541867,-9.759408,4
-56.851078,-36.596733,4
-41.64361,-25.287003,4
-24.30987,-19.37661,4
-39.266647,-30.433552,4
-34.52127,-34.86285,4
-11.595519,-21.894562,4
-30.049145,-27.76376,4
-18.179472,-16.274673,4
-46.454388,-31.454023,4
-10.192855,-12.979214,4
-40.47749,-36.53906,4
-24.621735,-29.861866,4
-34.810497,-19.967249,4
-17.454157,-12.569816,4
-60.74611,-24.308132,4
-41.51974,-16.299849,4
-53.684967,-22.023594,4
-13.405903,-18.306929,4
-49.009758,-45.47779,4
-36.923466,-18.113058,4
-52.661854,-9.893968,4
-32.321938,-25.29618,4
-30.37483,-23.79594,4
-37.80152,-33.477856,4
-21.451717,-27.286152,4
-19.41044,-16.930044,4
-60.200706,-24.42065,4
-30.66674,-31.774668,4
-36.614487,-26.220715,4
-45.99848,-20.910528,4
-50.48806,-31.487398,4
-20.023348,-11.337894,4
-16.104244,-9.272337,4
-44.437107,-48.756725,4
-2.577667,-16.760712,4
-40.44349,-48.349346,4
-40.648968,-31.930601,4
-57.571682,-33.85963,4
-29.402542,-32.12877,4
-51.522015,-18.720081,4
-42.49364,-33.065132,4
-20.267748,-8.518388,4
-41.695248,-45.221817,4
-64.61127,-26.462177,4
4.213333,-10.810616,4
-26.903254,-29.281881,4
-24.646515,-15.478543,4
-48.139164,-31.300432,4
-13.178268,-20.512768,4
-0.38294625,-17.607225,4
-58.697624,-36.52408,4
-46.550793,-44.43423,4
-32.364357,-22.735826,4
-59.60009,-36.783867,4
-30.814205,-14.531643,4
-28.584963,-17.101503,4
-47.09515,-34.79339,4
-42.236877,-35.755123,4
-16.466864,-23.38721,4
-23.373205,-15.058634,4
-1.696328,-14.533826,4
-16.449497,-9.927219,4
-37.370247,-27.335396,4
-13.053178,-19.676836,4
-2.6488905,-18.97071,4
-16.861567,-15.015511,4
-45.06098,-35.81301,4
-27.323195,-28.11236,4
-43.27198,-22.924692,4
-19.286737,-26.081348,4
-22.547583,-26.348772,4
-65.98792,-28.106804,4
-46.406757,-32.2766,4
-19.903849,-10.033169,4
-3.5789475,-17.73852,4
-46.40731,-21.711798,4
-41.610027,-34.672028,4
-48.029633,-26.70072,4
-48.912132,-18.671518,4
-25.825726,-26.359995,4
-56.180946,-25.523247,4
-9.38901,-18.061422,4
-44.195026,-48.279076,4
-30.244152,-26.768055,4
-5.9014874,-19.194313,4
-54.61062,-28.418661,4
-17.661627,-23.541307,4
-31.536093,-15.878873,4
-21.612915,-9.618088,4
-21.97258,-25.703417,4
-58.26758,-33.364597,4
-39.530148,-32.83714,4
-32.2351,-29.36585,4
-43.782684,-33.847168,4
-27.364557,-14.405676,4
0.8125631,-9.379119,4
-36.97518,-33.540195,4
-24.053865,-26.861263,4
-36.66614,-7.0426736,4
-48.714573,-27.774803,4
-46.90256,-29.93403,4
-18.117437,-18.596994,4
-22.813734,-8.55556,4
-49.4315,-8.810665,4
-46.697205,-38.15856,4
-49.49444,-24.956549,4
-41.192787,-19.440212,4
-39.00563,-37.475998,4
-17.51505,-24.605844,4
-57.447403,-35.53526,4
-16.676807,-28.12415,4
-49.50481,-12.903309,4
-42.469574,-15.690781,4
-37.225643,-34.907913,4
-57.92084,-32.098766,4
-55.812008,-10.082009,4
-44.059647,-46.320885,4
-57.03279,-34.687603,4
-30.926485,-17.37448,4
-13.097528,-12.775728,4
-25.391043,-29.34336,4
-42.79305,-34.895374,4
-15.183205,-14.229183,4
-18.13146,-28.969954,4
-46.09515,-42.70522,4
-62.73629,-22.932869,4
1.9690979,-19.22338,4
-18.304287,-17.53686,4
-59.47722,-38.727795,4
-7.8512874,-15.791172,4
-41.909428,-13.931793,4
-59.04347,-37.3071,4
-31.65335,-25.322731,4
-25.019728,-29.076588,4
-22.814405,-27.208464,4
2.074887,-12.826784,4
-50.7823,-45.71717,4
-28.09636,-25.549541,4
-56.109848,-27.792303,4
-34.246494,-33.376423,4
-42.981068,-31.054996,4
-56.60261,-38.76617,4
-48.676544,-44.66132,4
-19.448633,-9.559677,4
-39.321827,-37.408333,4
-37.270298,-14.413008,4
-29.801016,-28.83385,4
-19.416353,-11.873121,4
-23.152817,-25.328913,4
-47.935356,-44.790348,4
-16.791334,-13.39869,4
-14.098238,-12.863775,4
-62.105232,-21.632364,4
-44.85344,-30.82439,4
-43.664337,-40.782616,4
-21.037136,-25.33534,4
2.2048318,-13.193692,4
-21.008686,-30.603653,4
-17.336443,-11.903798,4
-23.28556,-19.861465,4
-12.752147,-14.452509,4
-34.565014,-24.541739,4
-46.153374,-49.217472,4
-38.904316,-35.42838,4
-40.10859,-35.541763,4
-52.113995,-30.828257,4
-22.724457,-22.753698,4
0.82559556,-16.261211,4
3.1862724,-3.9816046,4
-57.619846,-37.752495,4
-56.636173,-38.587585,4
-42.5368,-20.367027,4
-18.076225,-19.329847,4
-32.88422,-34.030487,4
-43.784874,-37.4368,4
-22.502596,-13.862615,4
-17.272436,-24.054419,4
-39.382687,-16.302792,4
-64.15844,-30.419426,4
-62.48545,-20.831465,4
-31.886852,-28.803225,4
-32.856087,-30.71616,4
-41.70863,-33.771156,4
-52.737362,-23.023561,4
-44.64535,-43.23156,4
-13.84853,-22.74038,4
-44.233376,-26.20471,4
-27.20391,-22.164896,4
-36.676926,-23.033163,4
-34.265957,-34.402172,4
-12.86754,-10.074241,4
-43.990376,-48.432205,4
0.07827265,-18.567434,4
-38.942623,-24.168383,4
-40.197086,-26.512756,4
-44.171947,-13.732367,4
-55.989063,-31.811897,4
-18.972551,-12.949784,4
-55.21839,-26.442633,4
-21.581137,-21.068268,4
-41.74932,-48.867943,4
-44.714092,-42.85746,4
-27.137732,-21.41304,4
-57.075535,-26.050991,4
-11.054294,-19.568356,4
-44.122265,-40.985317,4
-7.09318,-16.594656,4
-16.666304,-25.696947,4
-19.586082,-16.791492,4
-37.75548,-11.124764,4
-49.162083,-43.27316,4
-45.8005,-40.687702,4
-55.648945,-37.78338,4
-38.043068,-18.461561,4
-28.641926,-17.173597,4
-52.34567,-7.31374,4
-34.109905,-26.581326,4
-39.285995,-25.777767,4
-38.694344,-23.951008,4
-37.61188,-27.505276,4
-32.022438,-19.4998,4
-42.971348,-28.229393,4
-17.14974,-10.451046,4
-24.716799,-23.920807,4
-40.750557,-48.55739,4
-9.62475,-18.523298,4
-19.572033,-21.904106,4
-22.703722,-17.92016,4
-47.182804,-31.716827,4
-42.81981,-24.029406,4
-41.439907,-19.33372,4
-42.890713,-19.470894,4
-15.263421,-19.770142,4
-48.942562,-45.284565,4
-25.201662,-16.073725,4
-18.559597,-26.777782,4
-32.927746,-20.0127,4
-44.057602,-46.934875,4
-16.241549,-21.23527,4
-23.316498,-23.530687,4
-24.027298,-7.7608376,4
-3.3457038,-18.852161,4
-51.16424,-23.145952,4
-29.86482,-19.003624,4
-31.272848,-12.029129,4
-15.34909,-13.249613,4
-30.026203,-32.515667,4
-52.841927,-24.275362,4
-22.456348,-9.582584,4
-43.75348,-20.16161,4
-32.352856,-29.681734,4
-11.427721,-17.751091,4
-57.338085,-15.154524,4
-39.369465,-18.773832,4
-16.448915,-24.935717,4
-13.74586,-21.7144,4
-46.729553,-47.0582,4
-35.782948,-31.392437,4
-24.112524,-15.694672,4
-56.384758,-36.9451,4
-20.378323,-27.72946,4
-38.31253,-26.529583,4
-23.456554,-24.754274,4
-44.776913,-20.48274,4
-26.594913,-12.786677,4
-16.727232,-17.751984,4
-55.43897,-20.287703,4
-24.345005,-6.953212,4
-41.86337,-44.152935,4
-18.702066,-9.9092865,4
-19.968685,-9.506796,4
-47.41991,-17.166702,4
-34.992794,-21.679462,4
-66.27825,-28.285564,4
-61.40336,-19.02032,4
-28.677675,-26.518661,4
-50.36068,-14.919961,4
-29.770191,-23.085342,4
-61.400337,-35.176685,4
-46.74141,-45.802097,4
-28.81093,-25.75915,4
-47.675316,-21.265532,4
-47.48834,-43.79931,4
-46.598473,-37.62733,4
-38.561413,-28.108885,4
-58.96952,-34.51936,4
-14.425286,-25.299103,4
-24.61626,-19.289524,4
-46.14728,-43.05195,4
-21.563314,-28.206379,4
-29.522703,-30.20307,4
-27.97825,-18.93123,4
-29.222895,-20.457006,4
-36.171524,-16.160372,4
-3.4576964,-16.961918,4
-29.504297,-20.754667,4
-16.148144,-16.414818,4
-57.1135,-38.64381,4
-67.55708,-27.365345,4
-10.490176,-14.359015,4
-45.912323,-47.074997,4
-18.89129,-25.420963,4
-58.570007,-35.503014,4
-35.54078,-20.973295,4
-34.66947,-8.874259,4
-57.513073,-37.436512,4
-30.44218,-33.30446,4
-49.818104,-29.89686,4
-17.208033,-16.741478,4
-13.936059,-20.93927,4
-7.2545967,-14.534498,4
-46.537838,-25.54083,4
-11.099749,-15.498549,4
-24.682997,-23.50014,4
-22.987436,-9.1151905,4
-14.664365,-26.679153,4
-45.90938,-48.545925,4
-63.91495,-26.82919,4
-49.93854,-46.55377,4
-36.300983,-32.405247,4
-58.88639,-33.23887,4
-30.620646,-26.22255,4
-28.08443,-28.275562,4
-48.551666,-28.483007,4
-44.98503,-22.184092,4
-36.80202,-23.019445,4
-24.46347,-27.874735,4
-19.001104,-12.893608,4
-45.4148,-48.07323,4
-30.905645,-12.869529,4
-59.777473,-35.435818,4
-11.918731,-23.974733,4
-23.39074,-15.144424,4
-23.53201,-31.06151,4
-35.787594,-15.31081,4
-74.02267,-21.36024,4
-56.575146,-26.08588,4
-36.893486,-14.625315,4
-5.6723824,-27.780233,4
-26.312908,-32.781006,4
-44.42116,-29.941732,4
-49.929607,-32.074825,4
-15.779703,-26.764782,4
-42.445713,-26.203676,4
-44.915607,-25.084183,4
-34.748714,-20.161507,4
-46.63671,-30.636766,4
-40.37588,-22.884869,4
-62.070957,-24.516891,4
-42.892918,-40.688793,4
-34.869286,-28.633558,4
-27.955791,-23.75252,4
-48.991367,-48.788353,4
-20.14981,-18.925411,4
-18.969633,-24.139074,4
-38.490547,-35.419804,4
-38.321022,-20.152426,4
-46.9316,-23.00321,4
-37.97116,-14.087528,4
-18.949413,-27.743435,4
-64.62837,-28.593384,4
-59.43597,-37.826694,4
-37.274693,-27.854048,4
-47.690056,-22.098055,4
-55.27062,-17.815115,4
-31.705957,-11.498335,4
-17.423523,-15.472243,4
-33.38139,-17.29131,4
-55.801144,-33.873005,4
-43.600727,-47.00724,4
-16.590347,-20.65865,4
-42.02191,-16.078503,4
-48.3527,-12.084771,4
-50.122864,-45.23612,4
-49.43299,-41.862213,4
-41.288944,-37.940887,4
-32.017017,-27.382744,4
-46.60219,-28.899559,4
-13.628655,-24.941114,4
-26.325117,-20.387724,4
-20.9755,-11.48271,4
-21.650345,-22.737822,4
-57.301434,-27.043434,4
-24.558298,-26.237936,4
-48.751427,-12.052118,4
-34.130802,-23.839104,4
-42.5017,-31.282656,4
-40.730362,-35.75014,4
-32.13284,-23.564825,4
-30.774567,-13.5791025,4
-43.3655,-28.220016,4
-1.4283208,-14.231974,4
-44.860786,-15.318061,4
-18.568047,-14.433327,4
-22.369371,-30.148478,4
-28.9336,-24.585142,4
-20.34598,-12.3129,4
-26.320324,-21.751081,4
-29.355904,-24.451735,4
-41.57111,-37.276466,4
-40.195908,-27.980555,4
-16.014477,-25.33831,4
-27.840755,-28.18973,4
-23.140974,-24.493864,4
-37.250122,-22.083893,4
-36.846367,-18.109026,4
-18.0468,-26.720499,4
-42.56639,-14.487517,4
-23.50415,-23.340414,4
-43.168167,-45.439034,4
-34.95086,-11.893033,4
-37.11032,-19.490484,4
-54.47415,-8.19164,4
-39.847755,-24.58084,4
-15.292002,-26.306116,4
-42.477478,-43.0309,4
-24.23476,-8.596022,4
-56.359013,-30.585531,4
-49.526646,-41.428593,4
-4.1589675,-20.073048,4
-25.817951,-24.021917,4
-15.990744,-13.57242,4
-57.188457,-23.069498,4
-55.30687,-36.096275,4
-40.161346,-34.29908,4
3.2291539,-6.667472,4
-57.968815,-22.842651,4
-8.649321,-16.07691,4
-38.90065,-17.866753,4
-25.212347,-17.761414,4
-48.701096,-30.216389,4
-15.717544,-14.91759,4
-1.433107,-17.729704,4
